game_id,school,conference,homeAway,points,stat_category,stat_type,athlete,stat
303550097,Louisville,Big East,home,31,passing,C/ATT,Justin Burke,20/32
303550097,Louisville,Big East,home,31,passing,YDS,Justin Burke,178
303550097,Louisville,Big East,home,31,passing,AVG,Justin Burke,5.6
303550097,Louisville,Big East,home,31,passing,TD,Justin Burke,2
303550097,Louisville,Big East,home,31,passing,INT,Justin Burke,0
303550097,Louisville,Big East,home,31,passing,QBR,Justin Burke,67.6
303550097,Louisville,Big East,home,31,rushing,CAR,Bilal Powell,18
303550097,Louisville,Big East,home,31,rushing,CAR,Jeremy Wright,5
303550097,Louisville,Big East,home,31,rushing,CAR,Justin Burke,4
303550097,Louisville,Big East,home,31,rushing,YDS,Bilal Powell,75
303550097,Louisville,Big East,home,31,rushing,YDS,Jeremy Wright,31
303550097,Louisville,Big East,home,31,rushing,YDS,Justin Burke,21
303550097,Louisville,Big East,home,31,rushing,AVG,Bilal Powell,4.2
303550097,Louisville,Big East,home,31,rushing,AVG,Jeremy Wright,6.2
303550097,Louisville,Big East,home,31,rushing,AVG,Justin Burke,5.3
303550097,Louisville,Big East,home,31,rushing,TD,Bilal Powell,1
303550097,Louisville,Big East,home,31,rushing,TD,Jeremy Wright,0
303550097,Louisville,Big East,home,31,rushing,TD,Justin Burke,0
303550097,Louisville,Big East,home,31,rushing,LONG,Bilal Powell,28
303550097,Louisville,Big East,home,31,rushing,LONG,Jeremy Wright,15
303550097,Louisville,Big East,home,31,rushing,LONG,Justin Burke,19
303550097,Louisville,Big East,home,31,receiving,REC,Doug Beaumont,7
303550097,Louisville,Big East,home,31,receiving,REC,Cameron Graham,3
303550097,Louisville,Big East,home,31,receiving,REC,Josh Bellamy,2
303550097,Louisville,Big East,home,31,receiving,REC,Josh Chichester,3
303550097,Louisville,Big East,home,31,receiving,REC,Andrell Smith,2
303550097,Louisville,Big East,home,31,receiving,REC,Bilal Powell,2
303550097,Louisville,Big East,home,31,receiving,REC,Blayne Donnell,1
303550097,Louisville,Big East,home,31,receiving,YDS,Doug Beaumont,57
303550097,Louisville,Big East,home,31,receiving,YDS,Cameron Graham,31
303550097,Louisville,Big East,home,31,receiving,YDS,Josh Bellamy,29
303550097,Louisville,Big East,home,31,receiving,YDS,Josh Chichester,27
303550097,Louisville,Big East,home,31,receiving,YDS,Andrell Smith,16
303550097,Louisville,Big East,home,31,receiving,YDS,Bilal Powell,10
303550097,Louisville,Big East,home,31,receiving,YDS,Blayne Donnell,8
303550097,Louisville,Big East,home,31,receiving,AVG,Doug Beaumont,8.1
303550097,Louisville,Big East,home,31,receiving,AVG,Cameron Graham,10.3
303550097,Louisville,Big East,home,31,receiving,AVG,Josh Bellamy,14.5
303550097,Louisville,Big East,home,31,receiving,AVG,Josh Chichester,9.0
303550097,Louisville,Big East,home,31,receiving,AVG,Andrell Smith,8.0
303550097,Louisville,Big East,home,31,receiving,AVG,Bilal Powell,5.0
303550097,Louisville,Big East,home,31,receiving,AVG,Blayne Donnell,8.0
303550097,Louisville,Big East,home,31,receiving,TD,Doug Beaumont,0
303550097,Louisville,Big East,home,31,receiving,TD,Cameron Graham,1
303550097,Louisville,Big East,home,31,receiving,TD,Josh Bellamy,0
303550097,Louisville,Big East,home,31,receiving,TD,Josh Chichester,1
303550097,Louisville,Big East,home,31,receiving,TD,Andrell Smith,0
303550097,Louisville,Big East,home,31,receiving,TD,Bilal Powell,0
303550097,Louisville,Big East,home,31,receiving,TD,Blayne Donnell,0
303550097,Louisville,Big East,home,31,receiving,LONG,Doug Beaumont,20
303550097,Louisville,Big East,home,31,receiving,LONG,Cameron Graham,13
303550097,Louisville,Big East,home,31,receiving,LONG,Josh Bellamy,15
303550097,Louisville,Big East,home,31,receiving,LONG,Josh Chichester,12
303550097,Louisville,Big East,home,31,receiving,LONG,Andrell Smith,8
303550097,Louisville,Big East,home,31,receiving,LONG,Bilal Powell,9
303550097,Louisville,Big East,home,31,receiving,LONG,Blayne Donnell,8
303550097,Louisville,Big East,home,31,kickReturns,NO,Jeremy Wright,3
303550097,Louisville,Big East,home,31,kickReturns,NO,Victor Anderson,1
303550097,Louisville,Big East,home,31,kickReturns,YDS,Jeremy Wright,134
303550097,Louisville,Big East,home,31,kickReturns,YDS,Victor Anderson,24
303550097,Louisville,Big East,home,31,kickReturns,AVG,Jeremy Wright,44.7
303550097,Louisville,Big East,home,31,kickReturns,AVG,Victor Anderson,24.0
303550097,Louisville,Big East,home,31,kickReturns,LONG,Jeremy Wright,95
303550097,Louisville,Big East,home,31,kickReturns,LONG,Victor Anderson,24
303550097,Louisville,Big East,home,31,kickReturns,TD,Jeremy Wright,1
303550097,Louisville,Big East,home,31,kickReturns,TD,Victor Anderson,0
303550097,Louisville,Big East,home,31,puntReturns,NO,Doug Beaumont,2
303550097,Louisville,Big East,home,31,puntReturns,NO,Marcus Smith II,1
303550097,Louisville,Big East,home,31,puntReturns,YDS,Doug Beaumont,14
303550097,Louisville,Big East,home,31,puntReturns,YDS,Marcus Smith II,0
303550097,Louisville,Big East,home,31,puntReturns,AVG,Doug Beaumont,7.0
303550097,Louisville,Big East,home,31,puntReturns,AVG,Marcus Smith II,0.0
303550097,Louisville,Big East,home,31,puntReturns,LONG,Doug Beaumont,14
303550097,Louisville,Big East,home,31,puntReturns,LONG,Marcus Smith II,0
303550097,Louisville,Big East,home,31,puntReturns,TD,Doug Beaumont,0
303550097,Louisville,Big East,home,31,puntReturns,TD,Marcus Smith II,0
303550097,Louisville,Big East,home,31,kicking,FG,Chris Philpott,1/1
303550097,Louisville,Big East,home,31,kicking,PCT,Chris Philpott,100.0
303550097,Louisville,Big East,home,31,kicking,LONG,Chris Philpott,36
303550097,Louisville,Big East,home,31,kicking,XP,Chris Philpott,4/4
303550097,Louisville,Big East,home,31,kicking,PTS,Chris Philpott,7
303550097,Louisville,Big East,home,31,punting,NO,Chris Philpott,7
303550097,Louisville,Big East,home,31,punting,YDS,Chris Philpott,272
303550097,Louisville,Big East,home,31,punting,AVG,Chris Philpott,38.9
303550097,Louisville,Big East,home,31,punting,TB,Chris Philpott,0
303550097,Louisville,Big East,home,31,punting,In 20,Chris Philpott,0
303550097,Louisville,Big East,home,31,punting,LONG,Chris Philpott,50
303550097,Southern Mississippi,Conference USA,away,28,passing,C/ATT,Austin Davis,19/32
303550097,Southern Mississippi,Conference USA,away,28,passing,C/ATT,Quentin Pierce,1/1
303550097,Southern Mississippi,Conference USA,away,28,passing,C/ATT,Peter Boehme,1/1
303550097,Southern Mississippi,Conference USA,away,28,passing,YDS,Austin Davis,205
303550097,Southern Mississippi,Conference USA,away,28,passing,YDS,Quentin Pierce,17
303550097,Southern Mississippi,Conference USA,away,28,passing,YDS,Peter Boehme,4
303550097,Southern Mississippi,Conference USA,away,28,passing,AVG,Austin Davis,6.4
303550097,Southern Mississippi,Conference USA,away,28,passing,AVG,Quentin Pierce,17.0
303550097,Southern Mississippi,Conference USA,away,28,passing,AVG,Peter Boehme,4.0
303550097,Southern Mississippi,Conference USA,away,28,passing,TD,Austin Davis,2
303550097,Southern Mississippi,Conference USA,away,28,passing,TD,Quentin Pierce,1
303550097,Southern Mississippi,Conference USA,away,28,passing,TD,Peter Boehme,0
303550097,Southern Mississippi,Conference USA,away,28,passing,INT,Austin Davis,0
303550097,Southern Mississippi,Conference USA,away,28,passing,INT,Quentin Pierce,0
303550097,Southern Mississippi,Conference USA,away,28,passing,INT,Peter Boehme,0
303550097,Southern Mississippi,Conference USA,away,28,passing,QBR,Austin Davis,37.7
303550097,Southern Mississippi,Conference USA,away,28,passing,QBR,Quentin Pierce,100.0
303550097,Southern Mississippi,Conference USA,away,28,passing,QBR,Peter Boehme,100.0
303550097,Southern Mississippi,Conference USA,away,28,rushing,CAR,Desmond Johnson,10
303550097,Southern Mississippi,Conference USA,away,28,rushing,CAR,Kendrick Hardy,12
303550097,Southern Mississippi,Conference USA,away,28,rushing,CAR,Tracy Lampley,3
303550097,Southern Mississippi,Conference USA,away,28,rushing,CAR,Austin Davis,13
303550097,Southern Mississippi,Conference USA,away,28,rushing,YDS,Desmond Johnson,102
303550097,Southern Mississippi,Conference USA,away,28,rushing,YDS,Kendrick Hardy,48
303550097,Southern Mississippi,Conference USA,away,28,rushing,YDS,Tracy Lampley,35
303550097,Southern Mississippi,Conference USA,away,28,rushing,YDS,Austin Davis,16
303550097,Southern Mississippi,Conference USA,away,28,rushing,AVG,Desmond Johnson,10.2
303550097,Southern Mississippi,Conference USA,away,28,rushing,AVG,Kendrick Hardy,4.0
303550097,Southern Mississippi,Conference USA,away,28,rushing,AVG,Tracy Lampley,11.7
303550097,Southern Mississippi,Conference USA,away,28,rushing,AVG,Austin Davis,1.2
303550097,Southern Mississippi,Conference USA,away,28,rushing,TD,Desmond Johnson,1
303550097,Southern Mississippi,Conference USA,away,28,rushing,TD,Kendrick Hardy,0
303550097,Southern Mississippi,Conference USA,away,28,rushing,TD,Tracy Lampley,0
303550097,Southern Mississippi,Conference USA,away,28,rushing,TD,Austin Davis,0
303550097,Southern Mississippi,Conference USA,away,28,rushing,LONG,Desmond Johnson,62
303550097,Southern Mississippi,Conference USA,away,28,rushing,LONG,Kendrick Hardy,10
303550097,Southern Mississippi,Conference USA,away,28,rushing,LONG,Tracy Lampley,13
303550097,Southern Mississippi,Conference USA,away,28,rushing,LONG,Austin Davis,9
303550097,Southern Mississippi,Conference USA,away,28,receiving,REC,Kelvin Bolden,5
303550097,Southern Mississippi,Conference USA,away,28,receiving,REC,Quentin Pierce,4
303550097,Southern Mississippi,Conference USA,away,28,receiving,REC,DeAndre Brown,4
303550097,Southern Mississippi,Conference USA,away,28,receiving,REC,Johdrick Morris,4
303550097,Southern Mississippi,Conference USA,away,28,receiving,REC,Kendrick Hardy,1
303550097,Southern Mississippi,Conference USA,away,28,receiving,REC,Austin Davis,1
303550097,Southern Mississippi,Conference USA,away,28,receiving,REC,Dominique Sullivan,1
303550097,Southern Mississippi,Conference USA,away,28,receiving,REC,Zeke Walters,1
303550097,Southern Mississippi,Conference USA,away,28,receiving,YDS,Kelvin Bolden,55
303550097,Southern Mississippi,Conference USA,away,28,receiving,YDS,Quentin Pierce,54
303550097,Southern Mississippi,Conference USA,away,28,receiving,YDS,DeAndre Brown,41
303550097,Southern Mississippi,Conference USA,away,28,receiving,YDS,Johdrick Morris,21
303550097,Southern Mississippi,Conference USA,away,28,receiving,YDS,Kendrick Hardy,19
303550097,Southern Mississippi,Conference USA,away,28,receiving,YDS,Austin Davis,17
303550097,Southern Mississippi,Conference USA,away,28,receiving,YDS,Dominique Sullivan,11
303550097,Southern Mississippi,Conference USA,away,28,receiving,YDS,Zeke Walters,8
303550097,Southern Mississippi,Conference USA,away,28,receiving,AVG,Kelvin Bolden,11.0
303550097,Southern Mississippi,Conference USA,away,28,receiving,AVG,Quentin Pierce,13.5
303550097,Southern Mississippi,Conference USA,away,28,receiving,AVG,DeAndre Brown,10.3
303550097,Southern Mississippi,Conference USA,away,28,receiving,AVG,Johdrick Morris,5.3
303550097,Southern Mississippi,Conference USA,away,28,receiving,AVG,Kendrick Hardy,19.0
303550097,Southern Mississippi,Conference USA,away,28,receiving,AVG,Austin Davis,17.0
303550097,Southern Mississippi,Conference USA,away,28,receiving,AVG,Dominique Sullivan,11.0
303550097,Southern Mississippi,Conference USA,away,28,receiving,AVG,Zeke Walters,8.0
303550097,Southern Mississippi,Conference USA,away,28,receiving,TD,Kelvin Bolden,0
303550097,Southern Mississippi,Conference USA,away,28,receiving,TD,Quentin Pierce,1
303550097,Southern Mississippi,Conference USA,away,28,receiving,TD,DeAndre Brown,0
303550097,Southern Mississippi,Conference USA,away,28,receiving,TD,Johdrick Morris,0
303550097,Southern Mississippi,Conference USA,away,28,receiving,TD,Kendrick Hardy,0
303550097,Southern Mississippi,Conference USA,away,28,receiving,TD,Austin Davis,1
303550097,Southern Mississippi,Conference USA,away,28,receiving,TD,Dominique Sullivan,0
303550097,Southern Mississippi,Conference USA,away,28,receiving,TD,Zeke Walters,1
303550097,Southern Mississippi,Conference USA,away,28,receiving,LONG,Kelvin Bolden,28
303550097,Southern Mississippi,Conference USA,away,28,receiving,LONG,Quentin Pierce,32
303550097,Southern Mississippi,Conference USA,away,28,receiving,LONG,DeAndre Brown,21
303550097,Southern Mississippi,Conference USA,away,28,receiving,LONG,Johdrick Morris,9
303550097,Southern Mississippi,Conference USA,away,28,receiving,LONG,Kendrick Hardy,19
303550097,Southern Mississippi,Conference USA,away,28,receiving,LONG,Austin Davis,17
303550097,Southern Mississippi,Conference USA,away,28,receiving,LONG,Dominique Sullivan,11
303550097,Southern Mississippi,Conference USA,away,28,receiving,LONG,Zeke Walters,8
303550097,Southern Mississippi,Conference USA,away,28,kickReturns,NO,Reggie Hunt,4
303550097,Southern Mississippi,Conference USA,away,28,kickReturns,YDS,Reggie Hunt,74
303550097,Southern Mississippi,Conference USA,away,28,kickReturns,AVG,Reggie Hunt,18.5
303550097,Southern Mississippi,Conference USA,away,28,kickReturns,LONG,Reggie Hunt,24
303550097,Southern Mississippi,Conference USA,away,28,kickReturns,TD,Reggie Hunt,0
303550097,Southern Mississippi,Conference USA,away,28,puntReturns,NO,Tracy Lampley,5
303550097,Southern Mississippi,Conference USA,away,28,puntReturns,YDS,Tracy Lampley,9
303550097,Southern Mississippi,Conference USA,away,28,puntReturns,AVG,Tracy Lampley,1.8
303550097,Southern Mississippi,Conference USA,away,28,puntReturns,LONG,Tracy Lampley,9
303550097,Southern Mississippi,Conference USA,away,28,puntReturns,TD,Tracy Lampley,0
303550097,Southern Mississippi,Conference USA,away,28,kicking,FG,Danny Hrapmann,0/1
303550097,Southern Mississippi,Conference USA,away,28,kicking,PCT,Danny Hrapmann,0.0
303550097,Southern Mississippi,Conference USA,away,28,kicking,LONG,Danny Hrapmann,0
303550097,Southern Mississippi,Conference USA,away,28,kicking,XP,Danny Hrapmann,4/4
303550097,Southern Mississippi,Conference USA,away,28,kicking,PTS,Danny Hrapmann,4
303550097,Southern Mississippi,Conference USA,away,28,punting,NO,Peter Boehme,6
303550097,Southern Mississippi,Conference USA,away,28,punting,YDS,Peter Boehme,231
303550097,Southern Mississippi,Conference USA,away,28,punting,AVG,Peter Boehme,38.5
303550097,Southern Mississippi,Conference USA,away,28,punting,TB,Peter Boehme,0
303550097,Southern Mississippi,Conference USA,away,28,punting,In 20,Peter Boehme,0
303550097,Southern Mississippi,Conference USA,away,28,punting,LONG,Peter Boehme,60
303620152,NC State,ACC,home,23,receiving,TD,Jarvis Williams,1
303620152,NC State,ACC,home,23,receiving,TD,Darrell Davis,0
303620152,NC State,ACC,home,23,receiving,TD,Owen Spencer,0
303620152,NC State,ACC,home,23,receiving,TD,George Bryan,0
303620152,NC State,ACC,home,23,receiving,TD,Mustafa Greene,1
303620152,NC State,ACC,home,23,receiving,TD,Taylor Gentry,0
303620152,NC State,ACC,home,23,receiving,TD,Mario Carter,0
303620152,NC State,ACC,home,23,receiving,TD,Trevor Graham,0
303620152,NC State,ACC,home,23,receiving,TD,Steven Howard,0
303620152,NC State,ACC,home,23,receiving,TD,Jay Smith,0
303620152,NC State,ACC,home,23,receiving,TD,James Washington,0
303620152,NC State,ACC,home,23,receiving,REC,Jarvis Williams,6
303620152,NC State,ACC,home,23,receiving,REC,Darrell Davis,5
303620152,NC State,ACC,home,23,receiving,REC,Owen Spencer,3
303620152,NC State,ACC,home,23,receiving,REC,George Bryan,3
303620152,NC State,ACC,home,23,receiving,REC,Mustafa Greene,1
303620152,NC State,ACC,home,23,receiving,REC,Taylor Gentry,2
303620152,NC State,ACC,home,23,receiving,REC,Mario Carter,2
303620152,NC State,ACC,home,23,receiving,REC,Trevor Graham,2
303620152,NC State,ACC,home,23,receiving,REC,Steven Howard,1
303620152,NC State,ACC,home,23,receiving,REC,Jay Smith,1
303620152,NC State,ACC,home,23,receiving,REC,James Washington,2
303620152,NC State,ACC,home,23,receiving,YDS,Jarvis Williams,77
303620152,NC State,ACC,home,23,receiving,YDS,Darrell Davis,68
303620152,NC State,ACC,home,23,receiving,YDS,Owen Spencer,44
303620152,NC State,ACC,home,23,receiving,YDS,George Bryan,25
303620152,NC State,ACC,home,23,receiving,YDS,Mustafa Greene,16
303620152,NC State,ACC,home,23,receiving,YDS,Taylor Gentry,14
303620152,NC State,ACC,home,23,receiving,YDS,Mario Carter,11
303620152,NC State,ACC,home,23,receiving,YDS,Trevor Graham,7
303620152,NC State,ACC,home,23,receiving,YDS,Steven Howard,5
303620152,NC State,ACC,home,23,receiving,YDS,Jay Smith,4
303620152,NC State,ACC,home,23,receiving,YDS,James Washington,4
303620152,NC State,ACC,home,23,receiving,AVG,Jarvis Williams,12.8
303620152,NC State,ACC,home,23,receiving,AVG,Darrell Davis,13.6
303620152,NC State,ACC,home,23,receiving,AVG,Owen Spencer,14.7
303620152,NC State,ACC,home,23,receiving,AVG,George Bryan,8.3
303620152,NC State,ACC,home,23,receiving,AVG,Mustafa Greene,16.0
303620152,NC State,ACC,home,23,receiving,AVG,Taylor Gentry,7.0
303620152,NC State,ACC,home,23,receiving,AVG,Mario Carter,5.5
303620152,NC State,ACC,home,23,receiving,AVG,Trevor Graham,3.5
303620152,NC State,ACC,home,23,receiving,AVG,Steven Howard,5.0
303620152,NC State,ACC,home,23,receiving,AVG,Jay Smith,4.0
303620152,NC State,ACC,home,23,receiving,AVG,James Washington,2.0
303620152,NC State,ACC,home,23,receiving,LONG,Jarvis Williams,32
303620152,NC State,ACC,home,23,receiving,LONG,Darrell Davis,26
303620152,NC State,ACC,home,23,receiving,LONG,Owen Spencer,19
303620152,NC State,ACC,home,23,receiving,LONG,George Bryan,10
303620152,NC State,ACC,home,23,receiving,LONG,Mustafa Greene,16
303620152,NC State,ACC,home,23,receiving,LONG,Taylor Gentry,11
303620152,NC State,ACC,home,23,receiving,LONG,Mario Carter,8
303620152,NC State,ACC,home,23,receiving,LONG,Trevor Graham,7
303620152,NC State,ACC,home,23,receiving,LONG,Steven Howard,5
303620152,NC State,ACC,home,23,receiving,LONG,Jay Smith,4
303620152,NC State,ACC,home,23,receiving,LONG,James Washington,4
303620152,NC State,ACC,home,23,passing,C/ATT,Russell Wilson,28/45
303620152,NC State,ACC,home,23,passing,YDS,Russell Wilson,275
303620152,NC State,ACC,home,23,passing,AVG,Russell Wilson,6.1
303620152,NC State,ACC,home,23,passing,TD,Russell Wilson,2
303620152,NC State,ACC,home,23,passing,INT,Russell Wilson,0
303620152,NC State,ACC,home,23,passing,QBR,Russell Wilson,45.4
303620152,NC State,ACC,home,23,rushing,CAR,James Washington,18
303620152,NC State,ACC,home,23,rushing,CAR,Russell Wilson,14
303620152,NC State,ACC,home,23,rushing,CAR,Mustafa Greene,3
303620152,NC State,ACC,home,23,rushing,CAR,Corey Tedder,1
303620152,NC State,ACC,home,23,rushing,YDS,James Washington,62
303620152,NC State,ACC,home,23,rushing,YDS,Russell Wilson,41
303620152,NC State,ACC,home,23,rushing,YDS,Mustafa Greene,13
303620152,NC State,ACC,home,23,rushing,YDS,Corey Tedder,-13
303620152,NC State,ACC,home,23,rushing,AVG,James Washington,3.4
303620152,NC State,ACC,home,23,rushing,AVG,Russell Wilson,2.9
303620152,NC State,ACC,home,23,rushing,AVG,Mustafa Greene,4.3
303620152,NC State,ACC,home,23,rushing,AVG,Corey Tedder,-13.0
303620152,NC State,ACC,home,23,rushing,TD,James Washington,0
303620152,NC State,ACC,home,23,rushing,TD,Russell Wilson,0
303620152,NC State,ACC,home,23,rushing,TD,Mustafa Greene,0
303620152,NC State,ACC,home,23,rushing,TD,Corey Tedder,0
303620152,NC State,ACC,home,23,rushing,LONG,James Washington,11
303620152,NC State,ACC,home,23,rushing,LONG,Russell Wilson,18
303620152,NC State,ACC,home,23,rushing,LONG,Mustafa Greene,7
303620152,NC State,ACC,home,23,rushing,LONG,Corey Tedder,0
303620152,NC State,ACC,home,23,interceptions,INT,Brandan Bishop,1
303620152,NC State,ACC,home,23,interceptions,YDS,Brandan Bishop,0
303620152,NC State,ACC,home,23,interceptions,TD,Brandan Bishop,0
303620152,NC State,ACC,home,23,kickReturns,NO,Trevor Graham,2
303620152,NC State,ACC,home,23,kickReturns,YDS,Trevor Graham,53
303620152,NC State,ACC,home,23,kickReturns,AVG,Trevor Graham,26.5
303620152,NC State,ACC,home,23,kickReturns,LONG,Trevor Graham,46
303620152,NC State,ACC,home,23,kickReturns,TD,Trevor Graham,0
303620152,NC State,ACC,home,23,kicking,FG,Josh Czajkowski,3/4
303620152,NC State,ACC,home,23,kicking,PCT,Josh Czajkowski,75.0
303620152,NC State,ACC,home,23,kicking,LONG,Josh Czajkowski,45
303620152,NC State,ACC,home,23,kicking,XP,Josh Czajkowski,2/2
303620152,NC State,ACC,home,23,kicking,PTS,Josh Czajkowski,11
303620152,NC State,ACC,home,23,punting,NO,Jeff Ruiz,6
303620152,NC State,ACC,home,23,punting,YDS,Jeff Ruiz,234
303620152,NC State,ACC,home,23,punting,AVG,Jeff Ruiz,39.0
303620152,NC State,ACC,home,23,punting,TB,Jeff Ruiz,0
303620152,NC State,ACC,home,23,punting,In 20,Jeff Ruiz,0
303620152,NC State,ACC,home,23,punting,LONG,Jeff Ruiz,53
303620152,West Virginia,Big East,away,7,passing,C/ATT,Geno Smith,22/39
303620152,West Virginia,Big East,away,7,passing,YDS,Geno Smith,196
303620152,West Virginia,Big East,away,7,passing,AVG,Geno Smith,5.0
303620152,West Virginia,Big East,away,7,passing,TD,Geno Smith,1
303620152,West Virginia,Big East,away,7,passing,INT,Geno Smith,1
303620152,West Virginia,Big East,away,7,passing,QBR,Geno Smith,46.1
303620152,West Virginia,Big East,away,7,rushing,CAR,Geno Smith,12
303620152,West Virginia,Big East,away,7,rushing,CAR,Noel Devine,8
303620152,West Virginia,Big East,away,7,rushing,CAR,Jock Sanders,1
303620152,West Virginia,Big East,away,7,rushing,CAR,Tavon Austin,1
303620152,West Virginia,Big East,away,7,rushing,CAR,Shawne Alston,2
303620152,West Virginia,Big East,away,7,rushing,YDS,Geno Smith,59
303620152,West Virginia,Big East,away,7,rushing,YDS,Noel Devine,50
303620152,West Virginia,Big East,away,7,rushing,YDS,Jock Sanders,17
303620152,West Virginia,Big East,away,7,rushing,YDS,Tavon Austin,8
303620152,West Virginia,Big East,away,7,rushing,YDS,Shawne Alston,6
303620152,West Virginia,Big East,away,7,rushing,AVG,Geno Smith,4.9
303620152,West Virginia,Big East,away,7,rushing,AVG,Noel Devine,6.3
303620152,West Virginia,Big East,away,7,rushing,AVG,Jock Sanders,17.0
303620152,West Virginia,Big East,away,7,rushing,AVG,Tavon Austin,8.0
303620152,West Virginia,Big East,away,7,rushing,AVG,Shawne Alston,3.0
303620152,West Virginia,Big East,away,7,rushing,TD,Geno Smith,0
303620152,West Virginia,Big East,away,7,rushing,TD,Noel Devine,0
303620152,West Virginia,Big East,away,7,rushing,TD,Jock Sanders,0
303620152,West Virginia,Big East,away,7,rushing,TD,Tavon Austin,0
303620152,West Virginia,Big East,away,7,rushing,TD,Shawne Alston,0
303620152,West Virginia,Big East,away,7,rushing,LONG,Geno Smith,18
303620152,West Virginia,Big East,away,7,rushing,LONG,Noel Devine,36
303620152,West Virginia,Big East,away,7,rushing,LONG,Jock Sanders,17
303620152,West Virginia,Big East,away,7,rushing,LONG,Tavon Austin,8
303620152,West Virginia,Big East,away,7,rushing,LONG,Shawne Alston,3
303620152,West Virginia,Big East,away,7,receiving,REC,Stedman Bailey,4
303620152,West Virginia,Big East,away,7,receiving,REC,Jock Sanders,5
303620152,West Virginia,Big East,away,7,receiving,REC,Tavon Austin,5
303620152,West Virginia,Big East,away,7,receiving,REC,Noel Devine,4
303620152,West Virginia,Big East,away,7,receiving,REC,J.D. Woods,2
303620152,West Virginia,Big East,away,7,receiving,REC,Shawne Alston,2
303620152,West Virginia,Big East,away,7,receiving,YDS,Stedman Bailey,61
303620152,West Virginia,Big East,away,7,receiving,YDS,Jock Sanders,58
303620152,West Virginia,Big East,away,7,receiving,YDS,Tavon Austin,30
303620152,West Virginia,Big East,away,7,receiving,YDS,Noel Devine,21
303620152,West Virginia,Big East,away,7,receiving,YDS,J.D. Woods,14
303620152,West Virginia,Big East,away,7,receiving,YDS,Shawne Alston,12
303620152,West Virginia,Big East,away,7,receiving,AVG,Stedman Bailey,15.3
303620152,West Virginia,Big East,away,7,receiving,AVG,Jock Sanders,11.6
303620152,West Virginia,Big East,away,7,receiving,AVG,Tavon Austin,6.0
303620152,West Virginia,Big East,away,7,receiving,AVG,Noel Devine,5.3
303620152,West Virginia,Big East,away,7,receiving,AVG,J.D. Woods,7.0
303620152,West Virginia,Big East,away,7,receiving,AVG,Shawne Alston,6.0
303620152,West Virginia,Big East,away,7,receiving,TD,Stedman Bailey,1
303620152,West Virginia,Big East,away,7,receiving,TD,Jock Sanders,0
303620152,West Virginia,Big East,away,7,receiving,TD,Tavon Austin,0
303620152,West Virginia,Big East,away,7,receiving,TD,Noel Devine,0
303620152,West Virginia,Big East,away,7,receiving,TD,J.D. Woods,0
303620152,West Virginia,Big East,away,7,receiving,TD,Shawne Alston,0
303620152,West Virginia,Big East,away,7,receiving,LONG,Stedman Bailey,32
303620152,West Virginia,Big East,away,7,receiving,LONG,Jock Sanders,26
303620152,West Virginia,Big East,away,7,receiving,LONG,Tavon Austin,14
303620152,West Virginia,Big East,away,7,receiving,LONG,Noel Devine,7
303620152,West Virginia,Big East,away,7,receiving,LONG,J.D. Woods,11
303620152,West Virginia,Big East,away,7,receiving,LONG,Shawne Alston,9
303620152,West Virginia,Big East,away,7,kickReturns,NO,Jock Sanders,2
303620152,West Virginia,Big East,away,7,kickReturns,NO,Tavon Austin,3
303620152,West Virginia,Big East,away,7,kickReturns,NO,Will Johnson,1
303620152,West Virginia,Big East,away,7,kickReturns,YDS,Jock Sanders,87
303620152,West Virginia,Big East,away,7,kickReturns,YDS,Tavon Austin,50
303620152,West Virginia,Big East,away,7,kickReturns,YDS,Will Johnson,1
303620152,West Virginia,Big East,away,7,kickReturns,AVG,Jock Sanders,43.5
303620152,West Virginia,Big East,away,7,kickReturns,AVG,Tavon Austin,16.7
303620152,West Virginia,Big East,away,7,kickReturns,AVG,Will Johnson,1.0
303620152,West Virginia,Big East,away,7,kickReturns,LONG,Jock Sanders,60
303620152,West Virginia,Big East,away,7,kickReturns,LONG,Tavon Austin,20
303620152,West Virginia,Big East,away,7,kickReturns,LONG,Will Johnson,1
303620152,West Virginia,Big East,away,7,kickReturns,TD,Jock Sanders,0
303620152,West Virginia,Big East,away,7,kickReturns,TD,Tavon Austin,0
303620152,West Virginia,Big East,away,7,kickReturns,TD,Will Johnson,0
303620152,West Virginia,Big East,away,7,puntReturns,NO,Jock Sanders,1
303620152,West Virginia,Big East,away,7,puntReturns,YDS,Jock Sanders,-2
303620152,West Virginia,Big East,away,7,puntReturns,AVG,Jock Sanders,-2.0
303620152,West Virginia,Big East,away,7,puntReturns,LONG,Jock Sanders,0
303620152,West Virginia,Big East,away,7,puntReturns,TD,Jock Sanders,0
303620152,West Virginia,Big East,away,7,kicking,FG,Tyler Bitancurt,0/2
303620152,West Virginia,Big East,away,7,kicking,PCT,Tyler Bitancurt,0.0
303620152,West Virginia,Big East,away,7,kicking,LONG,Tyler Bitancurt,0
303620152,West Virginia,Big East,away,7,kicking,XP,Tyler Bitancurt,1/1
303620152,West Virginia,Big East,away,7,kicking,PTS,Tyler Bitancurt,1
303620152,West Virginia,Big East,away,7,punting,NO,Gregg Pugnetti,4
303620152,West Virginia,Big East,away,7,punting,YDS,Gregg Pugnetti,172
303620152,West Virginia,Big East,away,7,punting,AVG,Gregg Pugnetti,43.0
303620152,West Virginia,Big East,away,7,punting,TB,Gregg Pugnetti,0
303620152,West Virginia,Big East,away,7,punting,In 20,Gregg Pugnetti,0
303620152,West Virginia,Big East,away,7,punting,LONG,Gregg Pugnetti,49
303640183,Syracuse,Big East,home,36,passing,C/ATT,Ryan Nassib,13/21
303640183,Syracuse,Big East,home,36,passing,C/ATT,Antwon Bailey,0/1
303640183,Syracuse,Big East,home,36,passing,YDS,Ryan Nassib,239
303640183,Syracuse,Big East,home,36,passing,YDS,Antwon Bailey,0
303640183,Syracuse,Big East,home,36,passing,AVG,Ryan Nassib,11.4
303640183,Syracuse,Big East,home,36,passing,AVG,Antwon Bailey,0.0
303640183,Syracuse,Big East,home,36,passing,TD,Ryan Nassib,3
303640183,Syracuse,Big East,home,36,passing,TD,Antwon Bailey,0
303640183,Syracuse,Big East,home,36,passing,INT,Ryan Nassib,0
303640183,Syracuse,Big East,home,36,passing,INT,Antwon Bailey,0
303640183,Syracuse,Big East,home,36,passing,QBR,Ryan Nassib,81.0
303640183,Syracuse,Big East,home,36,passing,QBR,Antwon Bailey,0.2
303640183,Syracuse,Big East,home,36,rushing,CAR,Delone Carter,27
303640183,Syracuse,Big East,home,36,rushing,CAR,Antwon Bailey,7
303640183,Syracuse,Big East,home,36,rushing,CAR,Ryan Nassib,6
303640183,Syracuse,Big East,home,36,rushing,YDS,Delone Carter,198
303640183,Syracuse,Big East,home,36,rushing,YDS,Antwon Bailey,50
303640183,Syracuse,Big East,home,36,rushing,YDS,Ryan Nassib,16
303640183,Syracuse,Big East,home,36,rushing,AVG,Delone Carter,7.3
303640183,Syracuse,Big East,home,36,rushing,AVG,Antwon Bailey,7.1
303640183,Syracuse,Big East,home,36,rushing,AVG,Ryan Nassib,2.7
303640183,Syracuse,Big East,home,36,rushing,TD,Delone Carter,2
303640183,Syracuse,Big East,home,36,rushing,TD,Antwon Bailey,0
303640183,Syracuse,Big East,home,36,rushing,TD,Ryan Nassib,0
303640183,Syracuse,Big East,home,36,rushing,LONG,Delone Carter,60
303640183,Syracuse,Big East,home,36,rushing,LONG,Antwon Bailey,22
303640183,Syracuse,Big East,home,36,rushing,LONG,Ryan Nassib,15
303640183,Syracuse,Big East,home,36,receiving,REC,Marcus Sales,5
303640183,Syracuse,Big East,home,36,receiving,REC,Antwon Bailey,3
303640183,Syracuse,Big East,home,36,receiving,REC,Alec Lemon,2
303640183,Syracuse,Big East,home,36,receiving,REC,Nick Provo,1
303640183,Syracuse,Big East,home,36,receiving,REC,Jose Cruz,1
303640183,Syracuse,Big East,home,36,receiving,REC,Adam Harris,1
303640183,Syracuse,Big East,home,36,receiving,YDS,Marcus Sales,172
303640183,Syracuse,Big East,home,36,receiving,YDS,Antwon Bailey,29
303640183,Syracuse,Big East,home,36,receiving,YDS,Alec Lemon,20
303640183,Syracuse,Big East,home,36,receiving,YDS,Nick Provo,9
303640183,Syracuse,Big East,home,36,receiving,YDS,Jose Cruz,5
303640183,Syracuse,Big East,home,36,receiving,YDS,Adam Harris,4
303640183,Syracuse,Big East,home,36,receiving,AVG,Marcus Sales,34.4
303640183,Syracuse,Big East,home,36,receiving,AVG,Antwon Bailey,9.7
303640183,Syracuse,Big East,home,36,receiving,AVG,Alec Lemon,10.0
303640183,Syracuse,Big East,home,36,receiving,AVG,Nick Provo,9.0
303640183,Syracuse,Big East,home,36,receiving,AVG,Jose Cruz,5.0
303640183,Syracuse,Big East,home,36,receiving,AVG,Adam Harris,4.0
303640183,Syracuse,Big East,home,36,receiving,TD,Marcus Sales,3
303640183,Syracuse,Big East,home,36,receiving,TD,Antwon Bailey,0
303640183,Syracuse,Big East,home,36,receiving,TD,Alec Lemon,0
303640183,Syracuse,Big East,home,36,receiving,TD,Nick Provo,0
303640183,Syracuse,Big East,home,36,receiving,TD,Jose Cruz,0
303640183,Syracuse,Big East,home,36,receiving,TD,Adam Harris,0
303640183,Syracuse,Big East,home,36,receiving,LONG,Marcus Sales,52
303640183,Syracuse,Big East,home,36,receiving,LONG,Antwon Bailey,16
303640183,Syracuse,Big East,home,36,receiving,LONG,Alec Lemon,16
303640183,Syracuse,Big East,home,36,receiving,LONG,Nick Provo,9
303640183,Syracuse,Big East,home,36,receiving,LONG,Jose Cruz,5
303640183,Syracuse,Big East,home,36,receiving,LONG,Adam Harris,4
303640183,Syracuse,Big East,home,36,kickReturns,NO,Tyson Gulley,4
303640183,Syracuse,Big East,home,36,kickReturns,YDS,Tyson Gulley,68
303640183,Syracuse,Big East,home,36,kickReturns,AVG,Tyson Gulley,17.0
303640183,Syracuse,Big East,home,36,kickReturns,LONG,Tyson Gulley,20
303640183,Syracuse,Big East,home,36,kickReturns,TD,Tyson Gulley,0
303640183,Syracuse,Big East,home,36,puntReturns,NO,Michael Holmes,3
303640183,Syracuse,Big East,home,36,puntReturns,YDS,Michael Holmes,3
303640183,Syracuse,Big East,home,36,puntReturns,AVG,Michael Holmes,1.0
303640183,Syracuse,Big East,home,36,puntReturns,LONG,Michael Holmes,3
303640183,Syracuse,Big East,home,36,puntReturns,TD,Michael Holmes,0
303640183,Syracuse,Big East,home,36,kicking,FG,Ross Krautman,1/1
303640183,Syracuse,Big East,home,36,kicking,PCT,Ross Krautman,100.0
303640183,Syracuse,Big East,home,36,kicking,LONG,Ross Krautman,40
303640183,Syracuse,Big East,home,36,kicking,XP,Ross Krautman,3/4
303640183,Syracuse,Big East,home,36,kicking,PTS,Ross Krautman,6
303640183,Syracuse,Big East,home,36,punting,NO,Ryan Lichtenstein,2
303640183,Syracuse,Big East,home,36,punting,YDS,Ryan Lichtenstein,62
303640183,Syracuse,Big East,home,36,punting,AVG,Ryan Lichtenstein,31.0
303640183,Syracuse,Big East,home,36,punting,TB,Ryan Lichtenstein,0
303640183,Syracuse,Big East,home,36,punting,In 20,Ryan Lichtenstein,0
303640183,Syracuse,Big East,home,36,punting,LONG,Ryan Lichtenstein,32
303640183,Kansas State,Big 12,away,34,passing,C/ATT,Carson Coffman,17/23
303640183,Kansas State,Big 12,away,34,passing,C/ATT,Daniel Thomas,1/2
303640183,Kansas State,Big 12,away,34,passing,YDS,Carson Coffman,228
303640183,Kansas State,Big 12,away,34,passing,YDS,Daniel Thomas,30
303640183,Kansas State,Big 12,away,34,passing,AVG,Carson Coffman,9.9
303640183,Kansas State,Big 12,away,34,passing,AVG,Daniel Thomas,15.0
303640183,Kansas State,Big 12,away,34,passing,TD,Carson Coffman,2
303640183,Kansas State,Big 12,away,34,passing,TD,Daniel Thomas,0
303640183,Kansas State,Big 12,away,34,passing,INT,Carson Coffman,0
303640183,Kansas State,Big 12,away,34,passing,INT,Daniel Thomas,0
303640183,Kansas State,Big 12,away,34,passing,QBR,Carson Coffman,94.3
303640183,Kansas State,Big 12,away,34,passing,QBR,Daniel Thomas,1.8
303640183,Kansas State,Big 12,away,34,rushing,CAR,Daniel Thomas,22
303640183,Kansas State,Big 12,away,34,rushing,CAR,Carson Coffman,8
303640183,Kansas State,Big 12,away,34,rushing,CAR,Chris Harper,1
303640183,Kansas State,Big 12,away,34,rushing,CAR,Braden Wilson,2
303640183,Kansas State,Big 12,away,34,rushing,CAR,Collin Klein,1
303640183,Kansas State,Big 12,away,34,rushing,CAR,Ryan Doerr,1
303640183,Kansas State,Big 12,away,34,rushing,YDS,Daniel Thomas,90
303640183,Kansas State,Big 12,away,34,rushing,YDS,Carson Coffman,26
303640183,Kansas State,Big 12,away,34,rushing,YDS,Chris Harper,4
303640183,Kansas State,Big 12,away,34,rushing,YDS,Braden Wilson,4
303640183,Kansas State,Big 12,away,34,rushing,YDS,Collin Klein,2
303640183,Kansas State,Big 12,away,34,rushing,YDS,Ryan Doerr,-3
303640183,Kansas State,Big 12,away,34,rushing,AVG,Daniel Thomas,4.1
303640183,Kansas State,Big 12,away,34,rushing,AVG,Carson Coffman,3.3
303640183,Kansas State,Big 12,away,34,rushing,AVG,Chris Harper,4.0
303640183,Kansas State,Big 12,away,34,rushing,AVG,Braden Wilson,2.0
303640183,Kansas State,Big 12,away,34,rushing,AVG,Collin Klein,2.0
303640183,Kansas State,Big 12,away,34,rushing,AVG,Ryan Doerr,-3.0
303640183,Kansas State,Big 12,away,34,rushing,TD,Daniel Thomas,3
303640183,Kansas State,Big 12,away,34,rushing,TD,Carson Coffman,0
303640183,Kansas State,Big 12,away,34,rushing,TD,Chris Harper,0
303640183,Kansas State,Big 12,away,34,rushing,TD,Braden Wilson,0
303640183,Kansas State,Big 12,away,34,rushing,TD,Collin Klein,0
303640183,Kansas State,Big 12,away,34,rushing,TD,Ryan Doerr,0
303640183,Kansas State,Big 12,away,34,rushing,LONG,Daniel Thomas,51
303640183,Kansas State,Big 12,away,34,rushing,LONG,Carson Coffman,11
303640183,Kansas State,Big 12,away,34,rushing,LONG,Chris Harper,4
303640183,Kansas State,Big 12,away,34,rushing,LONG,Braden Wilson,3
303640183,Kansas State,Big 12,away,34,rushing,LONG,Collin Klein,2
303640183,Kansas State,Big 12,away,34,rushing,LONG,Ryan Doerr,0
303640183,Kansas State,Big 12,away,34,receiving,REC,Adrian Hilburn,5
303640183,Kansas State,Big 12,away,34,receiving,REC,Aubrey Quarles,4
303640183,Kansas State,Big 12,away,34,receiving,REC,Chris Harper,5
303640183,Kansas State,Big 12,away,34,receiving,REC,Carson Coffman,1
303640183,Kansas State,Big 12,away,34,receiving,REC,Daniel Thomas,1
303640183,Kansas State,Big 12,away,34,receiving,REC,Travis Tannahill,2
303640183,Kansas State,Big 12,away,34,receiving,YDS,Adrian Hilburn,84
303640183,Kansas State,Big 12,away,34,receiving,YDS,Aubrey Quarles,75
303640183,Kansas State,Big 12,away,34,receiving,YDS,Chris Harper,56
303640183,Kansas State,Big 12,away,34,receiving,YDS,Carson Coffman,30
303640183,Kansas State,Big 12,away,34,receiving,YDS,Daniel Thomas,8
303640183,Kansas State,Big 12,away,34,receiving,YDS,Travis Tannahill,5
303640183,Kansas State,Big 12,away,34,receiving,AVG,Adrian Hilburn,16.8
303640183,Kansas State,Big 12,away,34,receiving,AVG,Aubrey Quarles,18.8
303640183,Kansas State,Big 12,away,34,receiving,AVG,Chris Harper,11.2
303640183,Kansas State,Big 12,away,34,receiving,AVG,Carson Coffman,30.0
303640183,Kansas State,Big 12,away,34,receiving,AVG,Daniel Thomas,8.0
303640183,Kansas State,Big 12,away,34,receiving,AVG,Travis Tannahill,2.5
303640183,Kansas State,Big 12,away,34,receiving,TD,Adrian Hilburn,1
303640183,Kansas State,Big 12,away,34,receiving,TD,Aubrey Quarles,0
303640183,Kansas State,Big 12,away,34,receiving,TD,Chris Harper,1
303640183,Kansas State,Big 12,away,34,receiving,TD,Carson Coffman,0
303640183,Kansas State,Big 12,away,34,receiving,TD,Daniel Thomas,0
303640183,Kansas State,Big 12,away,34,receiving,TD,Travis Tannahill,0
303640183,Kansas State,Big 12,away,34,receiving,LONG,Adrian Hilburn,30
303640183,Kansas State,Big 12,away,34,receiving,LONG,Aubrey Quarles,41
303640183,Kansas State,Big 12,away,34,receiving,LONG,Chris Harper,21
303640183,Kansas State,Big 12,away,34,receiving,LONG,Carson Coffman,30
303640183,Kansas State,Big 12,away,34,receiving,LONG,Daniel Thomas,8
303640183,Kansas State,Big 12,away,34,receiving,LONG,Travis Tannahill,6
303640183,Kansas State,Big 12,away,34,kickReturns,NO,Aubrey Quarles,3
303640183,Kansas State,Big 12,away,34,kickReturns,NO,Lucas Hamm,2
303640183,Kansas State,Big 12,away,34,kickReturns,NO,Kevin Rohleder,1
303640183,Kansas State,Big 12,away,34,kickReturns,YDS,Aubrey Quarles,71
303640183,Kansas State,Big 12,away,34,kickReturns,YDS,Lucas Hamm,20
303640183,Kansas State,Big 12,away,34,kickReturns,YDS,Kevin Rohleder,13
303640183,Kansas State,Big 12,away,34,kickReturns,AVG,Aubrey Quarles,23.7
303640183,Kansas State,Big 12,away,34,kickReturns,AVG,Lucas Hamm,10.0
303640183,Kansas State,Big 12,away,34,kickReturns,AVG,Kevin Rohleder,13.0
303640183,Kansas State,Big 12,away,34,kickReturns,LONG,Aubrey Quarles,25
303640183,Kansas State,Big 12,away,34,kickReturns,LONG,Lucas Hamm,10
303640183,Kansas State,Big 12,away,34,kickReturns,LONG,Kevin Rohleder,13
303640183,Kansas State,Big 12,away,34,kickReturns,TD,Aubrey Quarles,0
303640183,Kansas State,Big 12,away,34,kickReturns,TD,Lucas Hamm,0
303640183,Kansas State,Big 12,away,34,kickReturns,TD,Kevin Rohleder,0
303640183,Kansas State,Big 12,away,34,puntReturns,NO,Ty Zimmerman,2
303640183,Kansas State,Big 12,away,34,puntReturns,YDS,Ty Zimmerman,11
303640183,Kansas State,Big 12,away,34,puntReturns,AVG,Ty Zimmerman,5.5
303640183,Kansas State,Big 12,away,34,puntReturns,LONG,Ty Zimmerman,8
303640183,Kansas State,Big 12,away,34,puntReturns,TD,Ty Zimmerman,0
303640183,Kansas State,Big 12,away,34,kicking,FG,Josh Cherry,0/1
303640183,Kansas State,Big 12,away,34,kicking,PCT,Josh Cherry,0.0
303640183,Kansas State,Big 12,away,34,kicking,LONG,Josh Cherry,0
303640183,Kansas State,Big 12,away,34,kicking,XP,Josh Cherry,4/4
303640183,Kansas State,Big 12,away,34,kicking,PTS,Josh Cherry,4
303640183,Kansas State,Big 12,away,34,punting,NO,Ryan Doerr,3
303640183,Kansas State,Big 12,away,34,punting,YDS,Ryan Doerr,93
303640183,Kansas State,Big 12,away,34,punting,AVG,Ryan Doerr,31.0
303640183,Kansas State,Big 12,away,34,punting,TB,Ryan Doerr,0
303640183,Kansas State,Big 12,away,34,punting,In 20,Ryan Doerr,0
303640183,Kansas State,Big 12,away,34,punting,LONG,Ryan Doerr,33
303650228,Clemson,ACC,home,26,passing,C/ATT,Kyle Parker,11/17
303650228,Clemson,ACC,home,26,passing,C/ATT,Tajh Boyd,13/23
303650228,Clemson,ACC,home,26,passing,YDS,Kyle Parker,134
303650228,Clemson,ACC,home,26,passing,YDS,Tajh Boyd,112
303650228,Clemson,ACC,home,26,passing,AVG,Kyle Parker,7.9
303650228,Clemson,ACC,home,26,passing,AVG,Tajh Boyd,4.9
303650228,Clemson,ACC,home,26,passing,TD,Kyle Parker,0
303650228,Clemson,ACC,home,26,passing,TD,Tajh Boyd,2
303650228,Clemson,ACC,home,26,passing,INT,Kyle Parker,1
303650228,Clemson,ACC,home,26,passing,INT,Tajh Boyd,1
303650228,Clemson,ACC,home,26,passing,QBR,Kyle Parker,46.4
303650228,Clemson,ACC,home,26,passing,QBR,Tajh Boyd,9.8
303650228,Clemson,ACC,home,26,rushing,CAR,Jamie Harper,20
303650228,Clemson,ACC,home,26,rushing,CAR,Michael Wade,1
303650228,Clemson,ACC,home,26,rushing,CAR,Kyle Parker,2
303650228,Clemson,ACC,home,26,rushing,CAR,Tajh Boyd,3
303650228,Clemson,ACC,home,26,rushing,CAR,Jaron Brown,1
303650228,Clemson,ACC,home,26,rushing,YDS,Jamie Harper,34
303650228,Clemson,ACC,home,26,rushing,YDS,Michael Wade,8
303650228,Clemson,ACC,home,26,rushing,YDS,Kyle Parker,8
303650228,Clemson,ACC,home,26,rushing,YDS,Tajh Boyd,1
303650228,Clemson,ACC,home,26,rushing,YDS,Jaron Brown,-1
303650228,Clemson,ACC,home,26,rushing,AVG,Jamie Harper,1.7
303650228,Clemson,ACC,home,26,rushing,AVG,Michael Wade,8.0
303650228,Clemson,ACC,home,26,rushing,AVG,Kyle Parker,4.0
303650228,Clemson,ACC,home,26,rushing,AVG,Tajh Boyd,0.3
303650228,Clemson,ACC,home,26,rushing,AVG,Jaron Brown,-1.0
303650228,Clemson,ACC,home,26,rushing,TD,Jamie Harper,1
303650228,Clemson,ACC,home,26,rushing,TD,Michael Wade,0
303650228,Clemson,ACC,home,26,rushing,TD,Kyle Parker,0
303650228,Clemson,ACC,home,26,rushing,TD,Tajh Boyd,0
303650228,Clemson,ACC,home,26,rushing,TD,Jaron Brown,0
303650228,Clemson,ACC,home,26,rushing,LONG,Jamie Harper,10
303650228,Clemson,ACC,home,26,rushing,LONG,Michael Wade,8
303650228,Clemson,ACC,home,26,rushing,LONG,Kyle Parker,7
303650228,Clemson,ACC,home,26,rushing,LONG,Tajh Boyd,3
303650228,Clemson,ACC,home,26,rushing,LONG,Jaron Brown,0
303650228,Clemson,ACC,home,26,receiving,REC,DeAndre Hopkins,8
303650228,Clemson,ACC,home,26,receiving,REC,Brandon Ford,4
303650228,Clemson,ACC,home,26,receiving,REC,Jaron Brown,3
303650228,Clemson,ACC,home,26,receiving,REC,Marquan Jones,1
303650228,Clemson,ACC,home,26,receiving,REC,Dwayne Allen,2
303650228,Clemson,ACC,home,26,receiving,REC,Jamie Harper,6
303650228,Clemson,ACC,home,26,receiving,YDS,DeAndre Hopkins,94
303650228,Clemson,ACC,home,26,receiving,YDS,Brandon Ford,45
303650228,Clemson,ACC,home,26,receiving,YDS,Jaron Brown,40
303650228,Clemson,ACC,home,26,receiving,YDS,Marquan Jones,38
303650228,Clemson,ACC,home,26,receiving,YDS,Dwayne Allen,17
303650228,Clemson,ACC,home,26,receiving,YDS,Jamie Harper,12
303650228,Clemson,ACC,home,26,receiving,AVG,DeAndre Hopkins,11.8
303650228,Clemson,ACC,home,26,receiving,AVG,Brandon Ford,11.3
303650228,Clemson,ACC,home,26,receiving,AVG,Jaron Brown,13.3
303650228,Clemson,ACC,home,26,receiving,AVG,Marquan Jones,38.0
303650228,Clemson,ACC,home,26,receiving,AVG,Dwayne Allen,8.5
303650228,Clemson,ACC,home,26,receiving,AVG,Jamie Harper,2.0
303650228,Clemson,ACC,home,26,receiving,TD,DeAndre Hopkins,0
303650228,Clemson,ACC,home,26,receiving,TD,Brandon Ford,2
303650228,Clemson,ACC,home,26,receiving,TD,Jaron Brown,0
303650228,Clemson,ACC,home,26,receiving,TD,Marquan Jones,0
303650228,Clemson,ACC,home,26,receiving,TD,Dwayne Allen,0
303650228,Clemson,ACC,home,26,receiving,TD,Jamie Harper,0
303650228,Clemson,ACC,home,26,receiving,LONG,DeAndre Hopkins,31
303650228,Clemson,ACC,home,26,receiving,LONG,Brandon Ford,16
303650228,Clemson,ACC,home,26,receiving,LONG,Jaron Brown,14
303650228,Clemson,ACC,home,26,receiving,LONG,Marquan Jones,38
303650228,Clemson,ACC,home,26,receiving,LONG,Dwayne Allen,12
303650228,Clemson,ACC,home,26,receiving,LONG,Jamie Harper,11
303650228,Clemson,ACC,home,26,interceptions,INT,Byron Maxwell,1
303650228,Clemson,ACC,home,26,interceptions,YDS,Byron Maxwell,0
303650228,Clemson,ACC,home,26,interceptions,TD,Byron Maxwell,0
303650228,Clemson,ACC,home,26,kickReturns,NO,Marcus Gilchrist,5
303650228,Clemson,ACC,home,26,kickReturns,YDS,Marcus Gilchrist,82
303650228,Clemson,ACC,home,26,kickReturns,AVG,Marcus Gilchrist,16.4
303650228,Clemson,ACC,home,26,kickReturns,LONG,Marcus Gilchrist,19
303650228,Clemson,ACC,home,26,kickReturns,TD,Marcus Gilchrist,0
303650228,Clemson,ACC,home,26,puntReturns,NO,Marcus Gilchrist,2
303650228,Clemson,ACC,home,26,puntReturns,YDS,Marcus Gilchrist,0
303650228,Clemson,ACC,home,26,puntReturns,AVG,Marcus Gilchrist,0.0
303650228,Clemson,ACC,home,26,puntReturns,LONG,Marcus Gilchrist,0
303650228,Clemson,ACC,home,26,puntReturns,TD,Marcus Gilchrist,0
303650228,Clemson,ACC,home,26,kicking,FG,Chandler Catanzaro,2/3
303650228,Clemson,ACC,home,26,kicking,PCT,Chandler Catanzaro,66.7
303650228,Clemson,ACC,home,26,kicking,LONG,Chandler Catanzaro,44
303650228,Clemson,ACC,home,26,kicking,XP,Chandler Catanzaro,2/2
303650228,Clemson,ACC,home,26,kicking,PTS,Chandler Catanzaro,8
303650228,Clemson,ACC,home,26,punting,NO,Dawson Zimmerman,4
303650228,Clemson,ACC,home,26,punting,YDS,Dawson Zimmerman,175
303650228,Clemson,ACC,home,26,punting,AVG,Dawson Zimmerman,43.8
303650228,Clemson,ACC,home,26,punting,TB,Dawson Zimmerman,0
303650228,Clemson,ACC,home,26,punting,In 20,Dawson Zimmerman,0
303650228,Clemson,ACC,home,26,punting,LONG,Dawson Zimmerman,49
303650228,South Florida,Big East,away,31,passing,C/ATT,B.J. Daniels,20/27
303650228,South Florida,Big East,away,31,passing,C/ATT,Evan Landi,0/1
303650228,South Florida,Big East,away,31,passing,YDS,B.J. Daniels,189
303650228,South Florida,Big East,away,31,passing,YDS,Evan Landi,0
303650228,South Florida,Big East,away,31,passing,AVG,B.J. Daniels,7.0
303650228,South Florida,Big East,away,31,passing,AVG,Evan Landi,0.0
303650228,South Florida,Big East,away,31,passing,TD,B.J. Daniels,2
303650228,South Florida,Big East,away,31,passing,TD,Evan Landi,0
303650228,South Florida,Big East,away,31,passing,INT,B.J. Daniels,1
303650228,South Florida,Big East,away,31,passing,INT,Evan Landi,0
303650228,South Florida,Big East,away,31,passing,QBR,B.J. Daniels,74.3
303650228,South Florida,Big East,away,31,passing,QBR,Evan Landi,3.4
303650228,South Florida,Big East,away,31,rushing,CAR,Moise Plancher,14
303650228,South Florida,Big East,away,31,rushing,CAR,Demetris Murray,8
303650228,South Florida,Big East,away,31,rushing,CAR,B.J. Daniels,11
303650228,South Florida,Big East,away,31,rushing,CAR,Lindsey Lamar,2
303650228,South Florida,Big East,away,31,rushing,YDS,Moise Plancher,50
303650228,South Florida,Big East,away,31,rushing,YDS,Demetris Murray,25
303650228,South Florida,Big East,away,31,rushing,YDS,B.J. Daniels,22
303650228,South Florida,Big East,away,31,rushing,YDS,Lindsey Lamar,-4
303650228,South Florida,Big East,away,31,rushing,AVG,Moise Plancher,3.6
303650228,South Florida,Big East,away,31,rushing,AVG,Demetris Murray,3.1
303650228,South Florida,Big East,away,31,rushing,AVG,B.J. Daniels,2.0
303650228,South Florida,Big East,away,31,rushing,AVG,Lindsey Lamar,-2.0
303650228,South Florida,Big East,away,31,rushing,TD,Moise Plancher,1
303650228,South Florida,Big East,away,31,rushing,TD,Demetris Murray,0
303650228,South Florida,Big East,away,31,rushing,TD,B.J. Daniels,1
303650228,South Florida,Big East,away,31,rushing,TD,Lindsey Lamar,0
303650228,South Florida,Big East,away,31,rushing,LONG,Moise Plancher,18
303650228,South Florida,Big East,away,31,rushing,LONG,Demetris Murray,9
303650228,South Florida,Big East,away,31,rushing,LONG,B.J. Daniels,10
303650228,South Florida,Big East,away,31,rushing,LONG,Lindsey Lamar,1
303650228,South Florida,Big East,away,31,receiving,REC,Lindsey Lamar,5
303650228,South Florida,Big East,away,31,receiving,REC,Evan Landi,2
303650228,South Florida,Big East,away,31,receiving,REC,Demetris Murray,3
303650228,South Florida,Big East,away,31,receiving,REC,Kevin Gidrey,3
303650228,South Florida,Big East,away,31,receiving,REC,Dontavia Bogan,1
303650228,South Florida,Big East,away,31,receiving,REC,Joel Miller,2
303650228,South Florida,Big East,away,31,receiving,REC,Moise Plancher,2
303650228,South Florida,Big East,away,31,receiving,REC,Faron Hornes,1
303650228,South Florida,Big East,away,31,receiving,REC,Stephen Bravo-Brown,1
303650228,South Florida,Big East,away,31,receiving,YDS,Lindsey Lamar,40
303650228,South Florida,Big East,away,31,receiving,YDS,Evan Landi,36
303650228,South Florida,Big East,away,31,receiving,YDS,Demetris Murray,35
303650228,South Florida,Big East,away,31,receiving,YDS,Kevin Gidrey,34
303650228,South Florida,Big East,away,31,receiving,YDS,Dontavia Bogan,15
303650228,South Florida,Big East,away,31,receiving,YDS,Joel Miller,10
303650228,South Florida,Big East,away,31,receiving,YDS,Moise Plancher,8
303650228,South Florida,Big East,away,31,receiving,YDS,Faron Hornes,7
303650228,South Florida,Big East,away,31,receiving,YDS,Stephen Bravo-Brown,4
303650228,South Florida,Big East,away,31,receiving,AVG,Lindsey Lamar,8.0
303650228,South Florida,Big East,away,31,receiving,AVG,Evan Landi,18.0
303650228,South Florida,Big East,away,31,receiving,AVG,Demetris Murray,11.7
303650228,South Florida,Big East,away,31,receiving,AVG,Kevin Gidrey,11.3
303650228,South Florida,Big East,away,31,receiving,AVG,Dontavia Bogan,15.0
303650228,South Florida,Big East,away,31,receiving,AVG,Joel Miller,5.0
303650228,South Florida,Big East,away,31,receiving,AVG,Moise Plancher,4.0
303650228,South Florida,Big East,away,31,receiving,AVG,Faron Hornes,7.0
303650228,South Florida,Big East,away,31,receiving,AVG,Stephen Bravo-Brown,4.0
303650228,South Florida,Big East,away,31,receiving,TD,Lindsey Lamar,0
303650228,South Florida,Big East,away,31,receiving,TD,Evan Landi,0
303650228,South Florida,Big East,away,31,receiving,TD,Demetris Murray,1
303650228,South Florida,Big East,away,31,receiving,TD,Kevin Gidrey,0
303650228,South Florida,Big East,away,31,receiving,TD,Dontavia Bogan,1
303650228,South Florida,Big East,away,31,receiving,TD,Joel Miller,0
303650228,South Florida,Big East,away,31,receiving,TD,Moise Plancher,0
303650228,South Florida,Big East,away,31,receiving,TD,Faron Hornes,0
303650228,South Florida,Big East,away,31,receiving,TD,Stephen Bravo-Brown,0
303650228,South Florida,Big East,away,31,receiving,LONG,Lindsey Lamar,23
303650228,South Florida,Big East,away,31,receiving,LONG,Evan Landi,19
303650228,South Florida,Big East,away,31,receiving,LONG,Demetris Murray,25
303650228,South Florida,Big East,away,31,receiving,LONG,Kevin Gidrey,16
303650228,South Florida,Big East,away,31,receiving,LONG,Dontavia Bogan,15
303650228,South Florida,Big East,away,31,receiving,LONG,Joel Miller,11
303650228,South Florida,Big East,away,31,receiving,LONG,Moise Plancher,8
303650228,South Florida,Big East,away,31,receiving,LONG,Faron Hornes,7
303650228,South Florida,Big East,away,31,receiving,LONG,Stephen Bravo-Brown,4
303650228,South Florida,Big East,away,31,interceptions,INT,JaQuez Jenkins,1
303650228,South Florida,Big East,away,31,interceptions,INT,Quenton Washington,1
303650228,South Florida,Big East,away,31,interceptions,YDS,JaQuez Jenkins,48
303650228,South Florida,Big East,away,31,interceptions,YDS,Quenton Washington,45
303650228,South Florida,Big East,away,31,interceptions,TD,JaQuez Jenkins,0
303650228,South Florida,Big East,away,31,interceptions,TD,Quenton Washington,0
303650228,South Florida,Big East,away,31,kickReturns,NO,Lindsey Lamar,4
303650228,South Florida,Big East,away,31,kickReturns,YDS,Lindsey Lamar,57
303650228,South Florida,Big East,away,31,kickReturns,AVG,Lindsey Lamar,14.3
303650228,South Florida,Big East,away,31,kickReturns,LONG,Lindsey Lamar,19
303650228,South Florida,Big East,away,31,kickReturns,TD,Lindsey Lamar,0
303650228,South Florida,Big East,away,31,puntReturns,NO,Terrence Mitchell,3
303650228,South Florida,Big East,away,31,puntReturns,YDS,Terrence Mitchell,38
303650228,South Florida,Big East,away,31,puntReturns,AVG,Terrence Mitchell,12.7
303650228,South Florida,Big East,away,31,puntReturns,LONG,Terrence Mitchell,34
303650228,South Florida,Big East,away,31,puntReturns,TD,Terrence Mitchell,0
303650228,South Florida,Big East,away,31,kicking,FG,Maikon Bonani,1/2
303650228,South Florida,Big East,away,31,kicking,PCT,Maikon Bonani,50.0
303650228,South Florida,Big East,away,31,kicking,LONG,Maikon Bonani,27
303650228,South Florida,Big East,away,31,kicking,XP,Maikon Bonani,4/4
303650228,South Florida,Big East,away,31,kicking,PTS,Maikon Bonani,7
303650228,South Florida,Big East,away,31,punting,NO,Justin Brockhaus-Kann,3
303650228,South Florida,Big East,away,31,punting,YDS,Justin Brockhaus-Kann,88
303650228,South Florida,Big East,away,31,punting,AVG,Justin Brockhaus-Kann,29.3
303650228,South Florida,Big East,away,31,punting,TB,Justin Brockhaus-Kann,0
303650228,South Florida,Big East,away,31,punting,In 20,Justin Brockhaus-Kann,0
303650228,South Florida,Big East,away,31,punting,LONG,Justin Brockhaus-Kann,30
310010201,Oklahoma,Big 12,home,48,passing,C/ATT,Landry Jones,34/49
310010201,Oklahoma,Big 12,home,48,passing,C/ATT,John Nimmo,0/1
310010201,Oklahoma,Big 12,home,48,passing,YDS,Landry Jones,429
310010201,Oklahoma,Big 12,home,48,passing,YDS,John Nimmo,0
310010201,Oklahoma,Big 12,home,48,passing,AVG,Landry Jones,8.8
310010201,Oklahoma,Big 12,home,48,passing,AVG,John Nimmo,0.0
310010201,Oklahoma,Big 12,home,48,passing,TD,Landry Jones,3
310010201,Oklahoma,Big 12,home,48,passing,TD,John Nimmo,0
310010201,Oklahoma,Big 12,home,48,passing,INT,Landry Jones,1
310010201,Oklahoma,Big 12,home,48,passing,INT,John Nimmo,0
310010201,Oklahoma,Big 12,home,48,passing,QBR,Landry Jones,80.4
310010201,Oklahoma,Big 12,home,48,passing,QBR,John Nimmo,0.0
310010201,Oklahoma,Big 12,home,48,rushing,CAR,DeMarco Murray,25
310010201,Oklahoma,Big 12,home,48,rushing,CAR,Trey Franks,1
310010201,Oklahoma,Big 12,home,48,rushing,CAR,Mossis Madu,1
310010201,Oklahoma,Big 12,home,48,rushing,CAR,Landry Jones,1
310010201,Oklahoma,Big 12,home,48,rushing,YDS,DeMarco Murray,93
310010201,Oklahoma,Big 12,home,48,rushing,YDS,Trey Franks,4
310010201,Oklahoma,Big 12,home,48,rushing,YDS,Mossis Madu,3
310010201,Oklahoma,Big 12,home,48,rushing,YDS,Landry Jones,-3
310010201,Oklahoma,Big 12,home,48,rushing,AVG,DeMarco Murray,3.7
310010201,Oklahoma,Big 12,home,48,rushing,AVG,Trey Franks,4.0
310010201,Oklahoma,Big 12,home,48,rushing,AVG,Mossis Madu,3.0
310010201,Oklahoma,Big 12,home,48,rushing,AVG,Landry Jones,-3.0
310010201,Oklahoma,Big 12,home,48,rushing,TD,DeMarco Murray,1
310010201,Oklahoma,Big 12,home,48,rushing,TD,Trey Franks,0
310010201,Oklahoma,Big 12,home,48,rushing,TD,Mossis Madu,0
310010201,Oklahoma,Big 12,home,48,rushing,TD,Landry Jones,0
310010201,Oklahoma,Big 12,home,48,rushing,LONG,DeMarco Murray,14
310010201,Oklahoma,Big 12,home,48,rushing,LONG,Trey Franks,4
310010201,Oklahoma,Big 12,home,48,rushing,LONG,Mossis Madu,3
310010201,Oklahoma,Big 12,home,48,rushing,LONG,Landry Jones,0
310010201,Oklahoma,Big 12,home,48,receiving,REC,Ryan Broyles,13
310010201,Oklahoma,Big 12,home,48,receiving,REC,Cameron Kenney,7
310010201,Oklahoma,Big 12,home,48,receiving,REC,Kenny Stills,8
310010201,Oklahoma,Big 12,home,48,receiving,REC,Trey Franks,3
310010201,Oklahoma,Big 12,home,48,receiving,REC,James Hanna,1
310010201,Oklahoma,Big 12,home,48,receiving,REC,DeMarco Murray,2
310010201,Oklahoma,Big 12,home,48,receiving,YDS,Ryan Broyles,170
310010201,Oklahoma,Big 12,home,48,receiving,YDS,Cameron Kenney,154
310010201,Oklahoma,Big 12,home,48,receiving,YDS,Kenny Stills,73
310010201,Oklahoma,Big 12,home,48,receiving,YDS,Trey Franks,25
310010201,Oklahoma,Big 12,home,48,receiving,YDS,James Hanna,8
310010201,Oklahoma,Big 12,home,48,receiving,YDS,DeMarco Murray,-1
310010201,Oklahoma,Big 12,home,48,receiving,AVG,Ryan Broyles,13.1
310010201,Oklahoma,Big 12,home,48,receiving,AVG,Cameron Kenney,22.0
310010201,Oklahoma,Big 12,home,48,receiving,AVG,Kenny Stills,9.1
310010201,Oklahoma,Big 12,home,48,receiving,AVG,Trey Franks,8.3
310010201,Oklahoma,Big 12,home,48,receiving,AVG,James Hanna,8.0
310010201,Oklahoma,Big 12,home,48,receiving,AVG,DeMarco Murray,-0.5
310010201,Oklahoma,Big 12,home,48,receiving,TD,Ryan Broyles,1
310010201,Oklahoma,Big 12,home,48,receiving,TD,Cameron Kenney,1
310010201,Oklahoma,Big 12,home,48,receiving,TD,Kenny Stills,0
310010201,Oklahoma,Big 12,home,48,receiving,TD,Trey Franks,0
310010201,Oklahoma,Big 12,home,48,receiving,TD,James Hanna,1
310010201,Oklahoma,Big 12,home,48,receiving,TD,DeMarco Murray,0
310010201,Oklahoma,Big 12,home,48,receiving,LONG,Ryan Broyles,39
310010201,Oklahoma,Big 12,home,48,receiving,LONG,Cameron Kenney,59
310010201,Oklahoma,Big 12,home,48,receiving,LONG,Kenny Stills,19
310010201,Oklahoma,Big 12,home,48,receiving,LONG,Trey Franks,20
310010201,Oklahoma,Big 12,home,48,receiving,LONG,James Hanna,8
310010201,Oklahoma,Big 12,home,48,receiving,LONG,DeMarco Murray,0
310010201,Oklahoma,Big 12,home,48,interceptions,INT,Jamell Fleming,1
310010201,Oklahoma,Big 12,home,48,interceptions,INT,Tony Jefferson,1
310010201,Oklahoma,Big 12,home,48,interceptions,YDS,Jamell Fleming,55
310010201,Oklahoma,Big 12,home,48,interceptions,YDS,Tony Jefferson,22
310010201,Oklahoma,Big 12,home,48,interceptions,TD,Jamell Fleming,1
310010201,Oklahoma,Big 12,home,48,interceptions,TD,Tony Jefferson,1
310010201,Oklahoma,Big 12,home,48,kickReturns,NO,Trey Franks,2
310010201,Oklahoma,Big 12,home,48,kickReturns,NO,Mossis Madu,1
310010201,Oklahoma,Big 12,home,48,kickReturns,NO,Brennan Clay,1
310010201,Oklahoma,Big 12,home,48,kickReturns,YDS,Trey Franks,39
310010201,Oklahoma,Big 12,home,48,kickReturns,YDS,Mossis Madu,17
310010201,Oklahoma,Big 12,home,48,kickReturns,YDS,Brennan Clay,17
310010201,Oklahoma,Big 12,home,48,kickReturns,AVG,Trey Franks,19.5
310010201,Oklahoma,Big 12,home,48,kickReturns,AVG,Mossis Madu,17.0
310010201,Oklahoma,Big 12,home,48,kickReturns,AVG,Brennan Clay,17.0
310010201,Oklahoma,Big 12,home,48,kickReturns,LONG,Trey Franks,22
310010201,Oklahoma,Big 12,home,48,kickReturns,LONG,Mossis Madu,17
310010201,Oklahoma,Big 12,home,48,kickReturns,LONG,Brennan Clay,17
310010201,Oklahoma,Big 12,home,48,kickReturns,TD,Trey Franks,0
310010201,Oklahoma,Big 12,home,48,kickReturns,TD,Mossis Madu,0
310010201,Oklahoma,Big 12,home,48,kickReturns,TD,Brennan Clay,0
310010201,Oklahoma,Big 12,home,48,puntReturns,NO,Ryan Broyles,6
310010201,Oklahoma,Big 12,home,48,puntReturns,YDS,Ryan Broyles,92
310010201,Oklahoma,Big 12,home,48,puntReturns,AVG,Ryan Broyles,15.3
310010201,Oklahoma,Big 12,home,48,puntReturns,LONG,Ryan Broyles,57
310010201,Oklahoma,Big 12,home,48,puntReturns,TD,Ryan Broyles,0
310010201,Oklahoma,Big 12,home,48,kicking,FG,Jimmy Stevens,2/2
310010201,Oklahoma,Big 12,home,48,kicking,PCT,Jimmy Stevens,100.0
310010201,Oklahoma,Big 12,home,48,kicking,LONG,Jimmy Stevens,41
310010201,Oklahoma,Big 12,home,48,kicking,XP,Jimmy Stevens,6/6
310010201,Oklahoma,Big 12,home,48,kicking,PTS,Jimmy Stevens,12
310010201,Oklahoma,Big 12,home,48,punting,NO,Tress Way,4
310010201,Oklahoma,Big 12,home,48,punting,YDS,Tress Way,163
310010201,Oklahoma,Big 12,home,48,punting,AVG,Tress Way,40.8
310010201,Oklahoma,Big 12,home,48,punting,TB,Tress Way,0
310010201,Oklahoma,Big 12,home,48,punting,In 20,Tress Way,0
310010201,Oklahoma,Big 12,home,48,punting,LONG,Tress Way,45
310010201,Connecticut,Big East,away,20,passing,C/ATT,Zach Frazer,19/39
310010201,Connecticut,Big East,away,20,passing,YDS,Zach Frazer,223
310010201,Connecticut,Big East,away,20,passing,AVG,Zach Frazer,5.7
310010201,Connecticut,Big East,away,20,passing,TD,Zach Frazer,0
310010201,Connecticut,Big East,away,20,passing,INT,Zach Frazer,2
310010201,Connecticut,Big East,away,20,passing,QBR,Zach Frazer,21.4
310010201,Connecticut,Big East,away,20,rushing,CAR,Jordan Todman,32
310010201,Connecticut,Big East,away,20,rushing,CAR,Robbie Frey,5
310010201,Connecticut,Big East,away,20,rushing,CAR,Zach Frazer,4
310010201,Connecticut,Big East,away,20,rushing,YDS,Jordan Todman,121
310010201,Connecticut,Big East,away,20,rushing,YDS,Robbie Frey,8
310010201,Connecticut,Big East,away,20,rushing,YDS,Zach Frazer,-17
310010201,Connecticut,Big East,away,20,rushing,AVG,Jordan Todman,3.8
310010201,Connecticut,Big East,away,20,rushing,AVG,Robbie Frey,1.6
310010201,Connecticut,Big East,away,20,rushing,AVG,Zach Frazer,-4.3
310010201,Connecticut,Big East,away,20,rushing,TD,Jordan Todman,0
310010201,Connecticut,Big East,away,20,rushing,TD,Robbie Frey,0
310010201,Connecticut,Big East,away,20,rushing,TD,Zach Frazer,0
310010201,Connecticut,Big East,away,20,rushing,LONG,Jordan Todman,19
310010201,Connecticut,Big East,away,20,rushing,LONG,Robbie Frey,6
310010201,Connecticut,Big East,away,20,rushing,LONG,Zach Frazer,2
310010201,Connecticut,Big East,away,20,receiving,REC,Anthony Sherman,3
310010201,Connecticut,Big East,away,20,receiving,REC,Kashif Moore,4
310010201,Connecticut,Big East,away,20,receiving,REC,Ryan Griffin,4
310010201,Connecticut,Big East,away,20,receiving,REC,Isiah Moore,2
310010201,Connecticut,Big East,away,20,receiving,REC,Michael Smith,4
310010201,Connecticut,Big East,away,20,receiving,REC,Jordan Todman,1
310010201,Connecticut,Big East,away,20,receiving,REC,Robbie Frey,1
310010201,Connecticut,Big East,away,20,receiving,YDS,Anthony Sherman,63
310010201,Connecticut,Big East,away,20,receiving,YDS,Kashif Moore,62
310010201,Connecticut,Big East,away,20,receiving,YDS,Ryan Griffin,48
310010201,Connecticut,Big East,away,20,receiving,YDS,Isiah Moore,27
310010201,Connecticut,Big East,away,20,receiving,YDS,Michael Smith,20
310010201,Connecticut,Big East,away,20,receiving,YDS,Jordan Todman,3
310010201,Connecticut,Big East,away,20,receiving,YDS,Robbie Frey,0
310010201,Connecticut,Big East,away,20,receiving,AVG,Anthony Sherman,21.0
310010201,Connecticut,Big East,away,20,receiving,AVG,Kashif Moore,15.5
310010201,Connecticut,Big East,away,20,receiving,AVG,Ryan Griffin,12.0
310010201,Connecticut,Big East,away,20,receiving,AVG,Isiah Moore,13.5
310010201,Connecticut,Big East,away,20,receiving,AVG,Michael Smith,5.0
310010201,Connecticut,Big East,away,20,receiving,AVG,Jordan Todman,3.0
310010201,Connecticut,Big East,away,20,receiving,AVG,Robbie Frey,0.0
310010201,Connecticut,Big East,away,20,receiving,TD,Anthony Sherman,0
310010201,Connecticut,Big East,away,20,receiving,TD,Kashif Moore,0
310010201,Connecticut,Big East,away,20,receiving,TD,Ryan Griffin,0
310010201,Connecticut,Big East,away,20,receiving,TD,Isiah Moore,0
310010201,Connecticut,Big East,away,20,receiving,TD,Michael Smith,0
310010201,Connecticut,Big East,away,20,receiving,TD,Jordan Todman,0
310010201,Connecticut,Big East,away,20,receiving,TD,Robbie Frey,0
310010201,Connecticut,Big East,away,20,receiving,LONG,Anthony Sherman,41
310010201,Connecticut,Big East,away,20,receiving,LONG,Kashif Moore,28
310010201,Connecticut,Big East,away,20,receiving,LONG,Ryan Griffin,15
310010201,Connecticut,Big East,away,20,receiving,LONG,Isiah Moore,15
310010201,Connecticut,Big East,away,20,receiving,LONG,Michael Smith,9
310010201,Connecticut,Big East,away,20,receiving,LONG,Jordan Todman,3
310010201,Connecticut,Big East,away,20,receiving,LONG,Robbie Frey,0
310010201,Connecticut,Big East,away,20,interceptions,INT,Dwayne Gratz,1
310010201,Connecticut,Big East,away,20,interceptions,YDS,Dwayne Gratz,46
310010201,Connecticut,Big East,away,20,interceptions,TD,Dwayne Gratz,1
310010201,Connecticut,Big East,away,20,kickReturns,NO,Nick Williams,6
310010201,Connecticut,Big East,away,20,kickReturns,NO,Robbie Frey,1
310010201,Connecticut,Big East,away,20,kickReturns,NO,Anthony Sherman,2
310010201,Connecticut,Big East,away,20,kickReturns,YDS,Nick Williams,137
310010201,Connecticut,Big East,away,20,kickReturns,YDS,Robbie Frey,95
310010201,Connecticut,Big East,away,20,kickReturns,YDS,Anthony Sherman,38
310010201,Connecticut,Big East,away,20,kickReturns,AVG,Nick Williams,22.8
310010201,Connecticut,Big East,away,20,kickReturns,AVG,Robbie Frey,95.0
310010201,Connecticut,Big East,away,20,kickReturns,AVG,Anthony Sherman,19.0
310010201,Connecticut,Big East,away,20,kickReturns,LONG,Nick Williams,34
310010201,Connecticut,Big East,away,20,kickReturns,LONG,Robbie Frey,95
310010201,Connecticut,Big East,away,20,kickReturns,LONG,Anthony Sherman,26
310010201,Connecticut,Big East,away,20,kickReturns,TD,Nick Williams,0
310010201,Connecticut,Big East,away,20,kickReturns,TD,Robbie Frey,1
310010201,Connecticut,Big East,away,20,kickReturns,TD,Anthony Sherman,0
310010201,Connecticut,Big East,away,20,puntReturns,NO,Nick Williams,1
310010201,Connecticut,Big East,away,20,puntReturns,YDS,Nick Williams,-1
310010201,Connecticut,Big East,away,20,puntReturns,AVG,Nick Williams,-1.0
310010201,Connecticut,Big East,away,20,puntReturns,LONG,Nick Williams,0
310010201,Connecticut,Big East,away,20,puntReturns,TD,Nick Williams,0
310010201,Connecticut,Big East,away,20,kicking,FG,Dave Teggart,2/2
310010201,Connecticut,Big East,away,20,kicking,PCT,Dave Teggart,100.0
310010201,Connecticut,Big East,away,20,kicking,LONG,Dave Teggart,38
310010201,Connecticut,Big East,away,20,kicking,XP,Dave Teggart,2/2
310010201,Connecticut,Big East,away,20,kicking,PTS,Dave Teggart,8
310010201,Connecticut,Big East,away,20,punting,NO,Cole Wagner,7
310010201,Connecticut,Big East,away,20,punting,YDS,Cole Wagner,328
310010201,Connecticut,Big East,away,20,punting,AVG,Cole Wagner,46.9
310010201,Connecticut,Big East,away,20,punting,TB,Cole Wagner,0
310010201,Connecticut,Big East,away,20,punting,In 20,Cole Wagner,0
310010201,Connecticut,Big East,away,20,punting,LONG,Cole Wagner,57
310080096,Pittsburgh,Big East,away,27,passing,C/ATT,Tino Sunseri,9/19
310080096,Pittsburgh,Big East,away,27,passing,YDS,Tino Sunseri,96
310080096,Pittsburgh,Big East,away,27,passing,AVG,Tino Sunseri,5.1
310080096,Pittsburgh,Big East,away,27,passing,TD,Tino Sunseri,1
310080096,Pittsburgh,Big East,away,27,passing,INT,Tino Sunseri,1
310080096,Pittsburgh,Big East,away,27,passing,QBR,Tino Sunseri,62.8
310080096,Pittsburgh,Big East,away,27,rushing,CAR,Dion Lewis,22
310080096,Pittsburgh,Big East,away,27,rushing,CAR,Ray Graham,17
310080096,Pittsburgh,Big East,away,27,rushing,CAR,Tino Sunseri,4
310080096,Pittsburgh,Big East,away,27,rushing,CAR,Devin Street,2
310080096,Pittsburgh,Big East,away,27,rushing,YDS,Dion Lewis,105
310080096,Pittsburgh,Big East,away,27,rushing,YDS,Ray Graham,90
310080096,Pittsburgh,Big East,away,27,rushing,YDS,Tino Sunseri,53
310080096,Pittsburgh,Big East,away,27,rushing,YDS,Devin Street,15
310080096,Pittsburgh,Big East,away,27,rushing,AVG,Dion Lewis,4.8
310080096,Pittsburgh,Big East,away,27,rushing,AVG,Ray Graham,5.3
310080096,Pittsburgh,Big East,away,27,rushing,AVG,Tino Sunseri,13.3
310080096,Pittsburgh,Big East,away,27,rushing,AVG,Devin Street,7.5
310080096,Pittsburgh,Big East,away,27,rushing,TD,Dion Lewis,1
310080096,Pittsburgh,Big East,away,27,rushing,TD,Ray Graham,0
310080096,Pittsburgh,Big East,away,27,rushing,TD,Tino Sunseri,1
310080096,Pittsburgh,Big East,away,27,rushing,TD,Devin Street,0
310080096,Pittsburgh,Big East,away,27,rushing,LONG,Dion Lewis,10
310080096,Pittsburgh,Big East,away,27,rushing,LONG,Ray Graham,21
310080096,Pittsburgh,Big East,away,27,rushing,LONG,Tino Sunseri,28
310080096,Pittsburgh,Big East,away,27,rushing,LONG,Devin Street,12
310080096,Pittsburgh,Big East,away,27,receiving,REC,Mike Cruz,2
310080096,Pittsburgh,Big East,away,27,receiving,REC,Henry Hynoski,2
310080096,Pittsburgh,Big East,away,27,receiving,REC,Ray Graham,1
310080096,Pittsburgh,Big East,away,27,receiving,REC,Brock DeCicco,1
310080096,Pittsburgh,Big East,away,27,receiving,REC,Jonathan Baldwin,1
310080096,Pittsburgh,Big East,away,27,receiving,REC,Mike Shanahan,1
310080096,Pittsburgh,Big East,away,27,receiving,REC,Devin Street,1
310080096,Pittsburgh,Big East,away,27,receiving,YDS,Mike Cruz,24
310080096,Pittsburgh,Big East,away,27,receiving,YDS,Henry Hynoski,19
310080096,Pittsburgh,Big East,away,27,receiving,YDS,Ray Graham,14
310080096,Pittsburgh,Big East,away,27,receiving,YDS,Brock DeCicco,13
310080096,Pittsburgh,Big East,away,27,receiving,YDS,Jonathan Baldwin,12
310080096,Pittsburgh,Big East,away,27,receiving,YDS,Mike Shanahan,12
310080096,Pittsburgh,Big East,away,27,receiving,YDS,Devin Street,2
310080096,Pittsburgh,Big East,away,27,receiving,AVG,Mike Cruz,12.0
310080096,Pittsburgh,Big East,away,27,receiving,AVG,Henry Hynoski,9.5
310080096,Pittsburgh,Big East,away,27,receiving,AVG,Ray Graham,14.0
310080096,Pittsburgh,Big East,away,27,receiving,AVG,Brock DeCicco,13.0
310080096,Pittsburgh,Big East,away,27,receiving,AVG,Jonathan Baldwin,12.0
310080096,Pittsburgh,Big East,away,27,receiving,AVG,Mike Shanahan,12.0
310080096,Pittsburgh,Big East,away,27,receiving,AVG,Devin Street,2.0
310080096,Pittsburgh,Big East,away,27,receiving,TD,Mike Cruz,0
310080096,Pittsburgh,Big East,away,27,receiving,TD,Henry Hynoski,0
310080096,Pittsburgh,Big East,away,27,receiving,TD,Ray Graham,0
310080096,Pittsburgh,Big East,away,27,receiving,TD,Brock DeCicco,1
310080096,Pittsburgh,Big East,away,27,receiving,TD,Jonathan Baldwin,0
310080096,Pittsburgh,Big East,away,27,receiving,TD,Mike Shanahan,0
310080096,Pittsburgh,Big East,away,27,receiving,TD,Devin Street,0
310080096,Pittsburgh,Big East,away,27,receiving,LONG,Mike Cruz,14
310080096,Pittsburgh,Big East,away,27,receiving,LONG,Henry Hynoski,13
310080096,Pittsburgh,Big East,away,27,receiving,LONG,Ray Graham,14
310080096,Pittsburgh,Big East,away,27,receiving,LONG,Brock DeCicco,13
310080096,Pittsburgh,Big East,away,27,receiving,LONG,Jonathan Baldwin,12
310080096,Pittsburgh,Big East,away,27,receiving,LONG,Mike Shanahan,12
310080096,Pittsburgh,Big East,away,27,receiving,LONG,Devin Street,2
310080096,Pittsburgh,Big East,away,27,kickReturns,NO,Ray Graham,3
310080096,Pittsburgh,Big East,away,27,kickReturns,YDS,Ray Graham,42
310080096,Pittsburgh,Big East,away,27,kickReturns,AVG,Ray Graham,14.0
310080096,Pittsburgh,Big East,away,27,kickReturns,LONG,Ray Graham,17
310080096,Pittsburgh,Big East,away,27,kickReturns,TD,Ray Graham,0
310080096,Pittsburgh,Big East,away,27,puntReturns,NO,Andrew Taglianetti,1
310080096,Pittsburgh,Big East,away,27,puntReturns,NO,Cameron Saddler,1
310080096,Pittsburgh,Big East,away,27,puntReturns,YDS,Andrew Taglianetti,31
310080096,Pittsburgh,Big East,away,27,puntReturns,YDS,Cameron Saddler,6
310080096,Pittsburgh,Big East,away,27,puntReturns,AVG,Andrew Taglianetti,31.0
310080096,Pittsburgh,Big East,away,27,puntReturns,AVG,Cameron Saddler,6.0
310080096,Pittsburgh,Big East,away,27,puntReturns,LONG,Andrew Taglianetti,31
310080096,Pittsburgh,Big East,away,27,puntReturns,LONG,Cameron Saddler,6
310080096,Pittsburgh,Big East,away,27,puntReturns,TD,Andrew Taglianetti,0
310080096,Pittsburgh,Big East,away,27,puntReturns,TD,Cameron Saddler,0
310080096,Pittsburgh,Big East,away,27,kicking,FG,Dan Hutchins,2/2
310080096,Pittsburgh,Big East,away,27,kicking,PCT,Dan Hutchins,100.0
310080096,Pittsburgh,Big East,away,27,kicking,LONG,Dan Hutchins,33
310080096,Pittsburgh,Big East,away,27,kicking,XP,Dan Hutchins,3/3
310080096,Pittsburgh,Big East,away,27,kicking,PTS,Dan Hutchins,9
310080096,Pittsburgh,Big East,away,27,punting,NO,Dan Hutchins,3
310080096,Pittsburgh,Big East,away,27,punting,YDS,Dan Hutchins,118
310080096,Pittsburgh,Big East,away,27,punting,AVG,Dan Hutchins,39.3
310080096,Pittsburgh,Big East,away,27,punting,TB,Dan Hutchins,0
310080096,Pittsburgh,Big East,away,27,punting,In 20,Dan Hutchins,0
310080096,Pittsburgh,Big East,away,27,punting,LONG,Dan Hutchins,43
310080096,Kentucky,SEC,home,10,passing,C/ATT,Morgan Newton,21/36
310080096,Kentucky,SEC,home,10,passing,YDS,Morgan Newton,211
310080096,Kentucky,SEC,home,10,passing,AVG,Morgan Newton,5.9
310080096,Kentucky,SEC,home,10,passing,TD,Morgan Newton,0
310080096,Kentucky,SEC,home,10,passing,INT,Morgan Newton,0
310080096,Kentucky,SEC,home,10,passing,QBR,Morgan Newton,25.5
310080096,Kentucky,SEC,home,10,rushing,CAR,Derrick Locke,12
310080096,Kentucky,SEC,home,10,rushing,CAR,Randall Cobb,3
310080096,Kentucky,SEC,home,10,rushing,CAR,Morgan Newton,12
310080096,Kentucky,SEC,home,10,rushing,CAR,Raymond Sanders,3
310080096,Kentucky,SEC,home,10,rushing,CAR,Moncell Allen,1
310080096,Kentucky,SEC,home,10,rushing,CAR,Matt Roark,1
310080096,Kentucky,SEC,home,10,rushing,YDS,Derrick Locke,71
310080096,Kentucky,SEC,home,10,rushing,YDS,Randall Cobb,23
310080096,Kentucky,SEC,home,10,rushing,YDS,Morgan Newton,18
310080096,Kentucky,SEC,home,10,rushing,YDS,Raymond Sanders,3
310080096,Kentucky,SEC,home,10,rushing,YDS,Moncell Allen,1
310080096,Kentucky,SEC,home,10,rushing,YDS,Matt Roark,-12
310080096,Kentucky,SEC,home,10,rushing,AVG,Derrick Locke,5.9
310080096,Kentucky,SEC,home,10,rushing,AVG,Randall Cobb,7.7
310080096,Kentucky,SEC,home,10,rushing,AVG,Morgan Newton,1.5
310080096,Kentucky,SEC,home,10,rushing,AVG,Raymond Sanders,1.0
310080096,Kentucky,SEC,home,10,rushing,AVG,Moncell Allen,1.0
310080096,Kentucky,SEC,home,10,rushing,AVG,Matt Roark,-12.0
310080096,Kentucky,SEC,home,10,rushing,TD,Derrick Locke,0
310080096,Kentucky,SEC,home,10,rushing,TD,Randall Cobb,0
310080096,Kentucky,SEC,home,10,rushing,TD,Morgan Newton,0
310080096,Kentucky,SEC,home,10,rushing,TD,Raymond Sanders,0
310080096,Kentucky,SEC,home,10,rushing,TD,Moncell Allen,1
310080096,Kentucky,SEC,home,10,rushing,TD,Matt Roark,0
310080096,Kentucky,SEC,home,10,rushing,LONG,Derrick Locke,28
310080096,Kentucky,SEC,home,10,rushing,LONG,Randall Cobb,18
310080096,Kentucky,SEC,home,10,rushing,LONG,Morgan Newton,18
310080096,Kentucky,SEC,home,10,rushing,LONG,Raymond Sanders,9
310080096,Kentucky,SEC,home,10,rushing,LONG,Moncell Allen,1
310080096,Kentucky,SEC,home,10,rushing,LONG,Matt Roark,0
310080096,Kentucky,SEC,home,10,receiving,REC,Randall Cobb,5
310080096,Kentucky,SEC,home,10,receiving,REC,Derrick Locke,6
310080096,Kentucky,SEC,home,10,receiving,REC,La'Rod King,3
310080096,Kentucky,SEC,home,10,receiving,REC,Chris Matthews,4
310080096,Kentucky,SEC,home,10,receiving,REC,Anthony Kendrick,2
310080096,Kentucky,SEC,home,10,receiving,REC,Raymond Sanders,1
310080096,Kentucky,SEC,home,10,receiving,YDS,Randall Cobb,62
310080096,Kentucky,SEC,home,10,receiving,YDS,Derrick Locke,61
310080096,Kentucky,SEC,home,10,receiving,YDS,La'Rod King,42
310080096,Kentucky,SEC,home,10,receiving,YDS,Chris Matthews,28
310080096,Kentucky,SEC,home,10,receiving,YDS,Anthony Kendrick,19
310080096,Kentucky,SEC,home,10,receiving,YDS,Raymond Sanders,-1
310080096,Kentucky,SEC,home,10,receiving,AVG,Randall Cobb,12.4
310080096,Kentucky,SEC,home,10,receiving,AVG,Derrick Locke,10.2
310080096,Kentucky,SEC,home,10,receiving,AVG,La'Rod King,14.0
310080096,Kentucky,SEC,home,10,receiving,AVG,Chris Matthews,7.0
310080096,Kentucky,SEC,home,10,receiving,AVG,Anthony Kendrick,9.5
310080096,Kentucky,SEC,home,10,receiving,AVG,Raymond Sanders,-1.0
310080096,Kentucky,SEC,home,10,receiving,TD,Randall Cobb,0
310080096,Kentucky,SEC,home,10,receiving,TD,Derrick Locke,0
310080096,Kentucky,SEC,home,10,receiving,TD,La'Rod King,0
310080096,Kentucky,SEC,home,10,receiving,TD,Chris Matthews,0
310080096,Kentucky,SEC,home,10,receiving,TD,Anthony Kendrick,0
310080096,Kentucky,SEC,home,10,receiving,TD,Raymond Sanders,0
310080096,Kentucky,SEC,home,10,receiving,LONG,Randall Cobb,19
310080096,Kentucky,SEC,home,10,receiving,LONG,Derrick Locke,23
310080096,Kentucky,SEC,home,10,receiving,LONG,La'Rod King,26
310080096,Kentucky,SEC,home,10,receiving,LONG,Chris Matthews,9
310080096,Kentucky,SEC,home,10,receiving,LONG,Anthony Kendrick,14
310080096,Kentucky,SEC,home,10,receiving,LONG,Raymond Sanders,0
310080096,Kentucky,SEC,home,10,interceptions,INT,Raymond Sanders,1
310080096,Kentucky,SEC,home,10,interceptions,YDS,Raymond Sanders,0
310080096,Kentucky,SEC,home,10,interceptions,TD,Raymond Sanders,0
310080096,Kentucky,SEC,home,10,kickReturns,NO,Randall Cobb,4
310080096,Kentucky,SEC,home,10,kickReturns,NO,Derrick Locke,2
310080096,Kentucky,SEC,home,10,kickReturns,YDS,Randall Cobb,101
310080096,Kentucky,SEC,home,10,kickReturns,YDS,Derrick Locke,49
310080096,Kentucky,SEC,home,10,kickReturns,AVG,Randall Cobb,25.3
310080096,Kentucky,SEC,home,10,kickReturns,AVG,Derrick Locke,24.5
310080096,Kentucky,SEC,home,10,kickReturns,LONG,Randall Cobb,40
310080096,Kentucky,SEC,home,10,kickReturns,LONG,Derrick Locke,27
310080096,Kentucky,SEC,home,10,kickReturns,TD,Randall Cobb,0
310080096,Kentucky,SEC,home,10,kickReturns,TD,Derrick Locke,0
310080096,Kentucky,SEC,home,10,puntReturns,NO,Randall Cobb,2
310080096,Kentucky,SEC,home,10,puntReturns,YDS,Randall Cobb,18
310080096,Kentucky,SEC,home,10,puntReturns,AVG,Randall Cobb,9.0
310080096,Kentucky,SEC,home,10,puntReturns,LONG,Randall Cobb,15
310080096,Kentucky,SEC,home,10,puntReturns,TD,Randall Cobb,0
310080096,Kentucky,SEC,home,10,kicking,FG,Craig McIntosh,1/2
310080096,Kentucky,SEC,home,10,kicking,PCT,Craig McIntosh,50.0
310080096,Kentucky,SEC,home,10,kicking,LONG,Craig McIntosh,50
310080096,Kentucky,SEC,home,10,kicking,XP,Craig McIntosh,1/1
310080096,Kentucky,SEC,home,10,kicking,PTS,Craig McIntosh,4
310080096,Kentucky,SEC,home,10,punting,NO,Ryan Tydlacka,1
310080096,Kentucky,SEC,home,10,punting,YDS,Ryan Tydlacka,50
310080096,Kentucky,SEC,home,10,punting,AVG,Ryan Tydlacka,50.0
310080096,Kentucky,SEC,home,10,punting,TB,Ryan Tydlacka,0
310080096,Kentucky,SEC,home,10,punting,In 20,Ryan Tydlacka,0
310080096,Kentucky,SEC,home,10,punting,LONG,Ryan Tydlacka,50