Rk,Year,Conference,Schs,W,L,T,Pct,W,L,T,Pct,SRS,SOS,AP,Champion,Notes
1,2019,ACC,14,97,84,0,0.536,4,7,0,0.364,2.03,0.94,1,Clemson,
2,2018,ACC,14,100,80,0,0.556,6,5,0,0.545,4.59,2.74,2,Clemson,
3,2017,ACC,14,100,78,0,0.562,4,6,0,0.4,7.98,5.03,4,Clemson,
4,2016,ACC,14,108,74,0,0.593,9,3,0,0.75,6.39,3.13,5,Clemson,
5,2015,ACC,14,98,82,0,0.544,4,6,0,0.4,5.03,2.76,3,Clemson,
6,2014,ACC,14,103,78,0,0.569,4,7,0,0.364,5.67,2.94,4,Florida State,
7,2013,ACC,14,103,78,0,0.569,5,6,0,0.455,5.03,2.62,3,Florida State,
8,2012,ACC,12,80,72,0,0.526,4,2,0,0.667,1.92,0.8,2,Florida State,
9,2011,ACC,12,82,72,0,0.532,2,6,0,0.25,1.67,0.37,3,Clemson,
10,2010,ACC,12,83,72,0,0.535,4,5,0,0.444,4.75,2.87,4,Virginia Tech,
11,2009,ACC,12,82,71,0,0.536,3,4,0,0.429,5.36,3.49,4,Georgia Tech,record adjusted to 73-71-0 by NCAA
12,2008,ACC,12,90,66,0,0.577,4,6,0,0.4,5.41,2.96,3,Virginia Tech,record adjusted to 82-66-0 by NCAA
13,2007,ACC,12,84,70,0,0.545,2,6,0,0.25,3.76,2.3,3,Virginia Tech,record adjusted to 77-70-0 by NCAA
14,2006,ACC,12,82,72,0,0.532,4,4,0,0.5,2.32,1.13,3,Wake Forest,record adjusted to 77-72-0 by NCAA
15,2005,ACC,12,81,61,0,0.57,5,3,0,0.625,6.93,4.81,5,Florida State,
16,2004,ACC,11,71,57,0,0.555,3,3,0,0.5,7.27,4.83,4,Virginia Tech,
17,2003,ACC,9,63,51,0,0.553,5,1,0,0.833,7.04,4.75,3,Florida State,
18,2002,ACC,9,66,53,0,0.555,4,3,0,0.571,5.56,3.67,4,Florida State,
19,2001,ACC,9,59,49,0,0.546,4,2,0,0.667,3.41,2.61,3,Maryland,
20,2000,ACC,9,56,49,0,0.533,1,4,0,0.2,2.97,2.28,3,Florida State,
21,1999,ACC,9,57,48,0,0.543,2,3,0,0.4,4.36,3.2,2,Florida State,
22,1998,ACC,9,57,48,0,0.543,2,3,0,0.4,3.06,2.1,3,Florida State Georgia Tech,
23,1997,ACC,9,58,45,0,0.563,3,1,0,0.75,6.5,4.31,3,Florida State,
24,1996,ACC,9,51,52,0,0.495,1,3,0,0.25,2.6,3.02,2,Florida State,
25,1995,ACC,9,53,51,0,0.51,3,1,0,0.75,0.89,0.37,2,Florida State Virginia,
26,1994,ACC,9,57,46,1,0.553,3,2,0,0.6,2.93,1.82,3,Florida State,
27,1993,ACC,9,57,49,0,0.538,2,3,0,0.4,2.54,1.96,3,Florida State,
28,1992,ACC,9,59,44,1,0.572,3,1,0,0.75,5.49,2.96,4,Florida State,
29,1991,ACC,8,50,40,3,0.554,1,3,0,0.25,2.18,0.72,2,Clemson,
30,1990,ACC,8,55,35,3,0.608,3,1,1,0.7,7.61,3.79,3,Georgia Tech,
31,1989,ACC,8,48,43,2,0.527,1,3,0,0.25,3.6,2.54,2,Duke Virginia,
32,1988,ACC,8,47,40,3,0.539,2,0,0,1,3.14,2.09,1,Clemson,
33,1987,ACC,8,45,45,0,0.5,2,0,0,1,2.56,2.68,1,Clemson,
34,1986,ACC,8,45,40,6,0.527,1,2,0,0.333,1.61,0.6,1,Clemson,
35,1985,ACC,8,46,44,1,0.511,2,1,0,0.667,3.07,2.47,2,Maryland,
36,1984,ACC,8,46,40,4,0.533,2,0,0,1,3.86,3.04,2,Maryland,
37,1983,ACC,8,44,45,1,0.494,0,2,0,0,4.37,3.98,1,Maryland,
38,1982,ACC,7,42,36,1,0.538,1,1,0,0.5,6.1,3.96,3,Clemson,
39,1981,ACC,7,41,37,1,0.525,2,0,0,1,6.87,6.16,2,Clemson,
40,1980,ACC,7,42,37,0,0.532,1,1,0,0.5,6.25,5.7,1,North Carolina,
41,1979,ACC,7,46,32,2,0.588,1,2,0,0.333,10.02,7,1,North Carolina State,
42,1978,ACC,7,41,39,0,0.513,2,1,0,0.667,4.32,4.69,3,Clemson,
43,1977,ACC,7,39,39,3,0.5,2,2,0,0.5,6.31,6.49,2,North Carolina,
44,1976,ACC,7,38,37,4,0.506,0,2,0,0,4.74,5.77,1,Maryland,
45,1975,ACC,7,29,45,5,0.399,1,1,0,0.5,-1.12,2.61,1,Maryland,
46,1974,ACC,7,42,37,1,0.531,0,2,1,0.167,6.86,5.97,2,Maryland,
47,1973,ACC,7,33,44,2,0.43,1,1,0,0.5,0.64,2.98,2,North Carolina State,
48,1972,ACC,7,39,38,2,0.506,2,0,0,1,2.19,3.23,2,North Carolina,
49,1971,ACC,7,34,44,0,0.436,0,1,0,0,-1.46,0.69,0,North Carolina,
50,1970,ACC,8,37,50,2,0.427,0,1,0,0,-2.2,0.32,0,Wake Forest,
51,1969,ACC,8,31,48,2,0.395,0,1,0,0,-6.67,-2.31,0,South Carolina,
52,1968,ACC,8,32,46,2,0.413,0,0,0,,2.17,4.35,0,North Carolina State,
53,1967,ACC,8,35,45,0,0.438,1,0,0,1,0.47,2.94,0,Clemson,
54,1966,ACC,8,30,50,0,0.375,0,0,0,,0.13,4.29,0,Clemson,
55,1965,ACC,8,37,43,0,0.463,0,0,0,,2.46,4.33,0,Clemson North Carolina State,
56,1964,ACC,8,35,42,3,0.456,0,0,0,,0.18,1.72,0,North Carolina State,
57,1963,ACC,8,34,44,4,0.439,1,1,0,0.5,0.01,2.68,0,North Carolina North Carolina State,
58,1962,ACC,8,35,43,2,0.45,0,0,0,,-0.65,0.77,0,Duke,
59,1961,ACC,8,40,40,0,0.5,0,0,0,,4.3,4.59,1,Duke,
60,1960,ACC,8,34,45,2,0.432,1,0,0,1,-4.87,-2.03,1,Duke,
61,1959,ACC,8,36,45,0,0.444,1,0,0,1,-0.46,1.6,1,Clemson,
62,1958,ACC,8,36,44,1,0.451,0,1,0,0,-0.43,1.25,2,Clemson,
63,1957,ACC,8,39,37,5,0.512,0,1,0,0,6.14,5.78,2,North Carolina State,
64,1956,ACC,8,31,42,8,0.432,0,1,0,0,2,3.72,1,Clemson,
65,1955,ACC,8,40,37,3,0.519,0,1,0,0,0.85,0.83,1,Duke Maryland,
66,1954,ACC,8,37,39,4,0.488,1,0,0,1,3.65,3.29,2,Duke,
67,1953,ACC,7,35,32,3,0.521,0,1,0,0,0.12,-1.67,2,Duke Maryland,
1,2019,AAC,12,87,66,0,0.569,4,3,0,0.571,2.92,0.96,4,Memphis,
2,2018,AAC,12,76,77,0,0.497,2,5,0,0.286,-2.71,-2.63,2,UCF,
3,2017,AAC,12,78,71,0,0.523,4,3,0,0.571,-0.25,-0.74,3,UCF,
4,2016,AAC,12,82,71,0,0.536,2,5,0,0.286,-0.65,-1.86,1,Temple,
5,2015,AAC,12,80,74,0,0.519,2,6,0,0.25,-0.88,-1.19,2,Houston,
6,2014,AAC,11,62,75,0,0.453,2,3,0,0.4,-5.35,-3.25,1,UCF Cincinnati Memphis,
7,2013,AAC,10,62,63,0,0.496,2,3,0,0.4,-3.26,-3.33,2,UCF,
1,2019,Big 12,10,71,57,0,0.555,1,5,0,0.167,5.84,3.45,3,Oklahoma,
2,2018,Big 12,10,72,56,0,0.563,4,3,0,0.571,6.52,4.07,3,Oklahoma,
3,2017,Big 12,10,71,59,0,0.546,5,3,0,0.625,5.97,3.65,3,Oklahoma,
4,2016,Big 12,10,68,58,0,0.54,4,2,0,0.667,3.74,1.86,3,Oklahoma,
5,2015,Big 12,10,71,56,0,0.559,3,4,0,0.429,4.7,2.78,4,Oklahoma,
6,2014,Big 12,10,69,58,0,0.543,2,5,0,0.286,5.1,3.41,3,Baylor Texas Christian,
7,2013,Big 12,10,70,56,0,0.556,3,3,0,0.5,5.57,3.11,3,Baylor,
8,2012,Big 12,10,75,54,0,0.581,4,5,0,0.444,8.37,5.1,3,Kansas State Oklahoma,
9,2011,Big 12,10,78,50,0,0.609,6,2,0,0.75,10.5,7.02,4,Oklahoma State,
10,2010,Big 12,12,92,62,0,0.597,3,5,0,0.375,6.25,3.09,5,Oklahoma,
11,2009,Big 12,12,88,66,0,0.571,4,4,0,0.5,5.33,2.25,3,Texas,
12,2008,Big 12,12,91,62,0,0.595,4,3,0,0.571,7.96,3.96,5,Oklahoma,
13,2007,Big 12,12,90,64,0,0.584,5,3,0,0.625,5.67,2.62,5,Oklahoma,
14,2006,Big 12,12,85,69,0,0.552,3,5,0,0.375,3.21,0.88,2,Oklahoma,
15,2005,Big 12,12,85,57,0,0.599,5,3,0,0.625,6.2,3.03,4,Texas,
16,2004,Big 12,12,81,60,0,0.574,4,3,0,0.571,7.02,4.69,3,Oklahoma,
17,2003,Big 12,12,88,67,0,0.568,2,6,0,0.25,5.29,2.88,4,Kansas State,
18,2002,Big 12,12,90,67,0,0.573,5,3,0,0.625,6.12,3.22,4,Oklahoma,
19,2001,Big 12,12,85,59,0,0.59,3,5,0,0.375,6.46,3.56,4,Colorado,
20,2000,Big 12,12,81,62,0,0.566,4,3,0,0.571,6.42,3.96,5,Oklahoma,
21,1999,Big 12,12,79,63,0,0.556,3,3,0,0.5,4.06,2.02,4,Nebraska,
22,1998,Big 12,12,82,61,0,0.573,3,4,0,0.429,8.03,5.24,5,Texas A&M,
23,1997,Big 12,12,75,65,0,0.536,2,3,0,0.4,2.15,1.48,5,Nebraska,record adjusted to 77-63-0 by NCAA
24,1996,Big 12,12,74,66,0,0.529,2,3,0,0.4,5.33,3.94,4,Texas,
1,2019,Big Ten,14,102,77,0,0.57,4,5,0,0.444,7.2,4.51,6,Ohio State,
2,2018,Big Ten,14,97,82,0,0.542,5,4,0,0.556,6.16,4.42,5,Ohio State,
3,2017,Big Ten,14,103,75,0,0.579,7,1,0,0.875,9.26,6.74,5,Ohio State,
4,2016,Big Ten,14,99,81,0,0.55,3,7,0,0.3,5.13,3.6,4,Penn State,
5,2015,Big Ten,14,105,75,0,0.583,5,5,0,0.5,6.34,4.02,6,Michigan State,
6,2014,Big Ten,14,105,76,0,0.58,6,5,0,0.545,4.52,2.29,3,Ohio State,
7,2013,Big Ten,12,88,65,0,0.575,2,5,0,0.286,5.05,2.22,3,Michigan State,
8,2012,Big Ten,12,85,68,0,0.556,2,5,0,0.286,3.74,1.82,4,Wisconsin,
9,2011,Big Ten,12,88,68,0,0.564,4,6,0,0.4,4.42,1.85,4,Wisconsin,
10,2010,Big Ten,11,82,58,0,0.586,3,5,0,0.375,4.31,1.31,3,Michigan State Ohio State Wisconsin,record adjusted to 70-57-0 by NCAA
11,2009,Big Ten,11,80,59,0,0.576,4,3,0,0.571,3.54,0.82,4,Ohio State,
12,2008,Big Ten,11,77,62,0,0.554,1,6,0,0.143,4.22,1.84,4,Ohio State Penn State,
13,2007,Big Ten,11,82,58,0,0.586,3,5,0,0.375,3.42,0.03,4,Ohio State,
14,2006,Big Ten,11,79,61,0,0.564,2,5,0,0.286,3.37,0.91,4,Ohio State,
15,2005,Big Ten,11,75,54,0,0.581,3,4,0,0.429,9.67,6.79,3,Ohio State Penn State,
16,2004,Big Ten,11,71,58,0,0.55,3,3,0,0.5,5.55,3.39,4,Iowa Michigan,
17,2003,Big Ten,11,77,63,0,0.55,3,5,0,0.375,5.83,3.91,5,Michigan,
18,2002,Big Ten,11,82,59,0,0.582,5,2,0,0.714,5.88,3.42,4,Iowa Ohio State,
19,2001,Big Ten,11,68,60,0,0.531,2,4,0,0.333,5.79,4.33,2,Illinois,
20,2000,Big Ten,11,69,61,0,0.531,2,4,0,0.333,4.99,3.73,3,Michigan Northwestern Purdue,
21,1999,Big Ten,11,77,53,0,0.592,5,2,0,0.714,8.4,5.33,7,Wisconsin,
22,1998,Big Ten,11,74,56,0,0.569,5,0,0,1,6.74,4.37,5,Michigan Ohio State Wisconsin,
23,1997,Big Ten,11,72,60,0,0.545,2,5,0,0.286,4.8,3.15,4,Michigan,
24,1996,Big Ten,11,74,56,0,0.569,4,3,0,0.571,7.94,5.58,5,Northwestern Ohio State,
25,1995,Big Ten,11,71,53,5,0.57,2,4,0,0.333,11.2,8.81,5,Northwestern,
26,1994,Big Ten,11,69,53,5,0.563,4,1,0,0.8,10.05,7.14,3,Penn State,record adjusted to 68-54-5 by NCAA
27,1993,Big Ten,11,70,56,2,0.555,4,3,0,0.571,7.5,5.93,4,Ohio State Wisconsin,
28,1992,Big Ten,10,52,57,5,0.478,1,2,0,0.333,3.1,3.75,2,Michigan,
29,1991,Big Ten,10,58,55,2,0.513,1,3,1,0.3,3.2,3,2,Michigan,
30,1990,Big Ten,10,57,56,3,0.504,2,4,0,0.333,5.47,4.89,4,Illinois Iowa Michigan Michigan State,
31,1989,Big Ten,10,57,57,0,0.5,2,2,0,0.5,2.68,3.09,4,Michigan,
32,1988,Big Ten,10,48,57,11,0.461,2,3,0,0.4,1.73,2.89,2,Michigan,
33,1987,Big Ten,10,58,52,5,0.526,3,1,0,0.75,3.36,3.07,3,Michigan State,
34,1986,Big Ten,10,62,56,0,0.525,2,3,0,0.4,4.39,3.34,3,Michigan Ohio State,
35,1985,Big Ten,10,66,48,2,0.578,3,3,0,0.5,7.63,5.37,3,Iowa,
36,1984,Big Ten,10,56,59,2,0.487,1,5,0,0.167,2.86,3.34,2,Ohio State,
37,1983,Big Ten,10,57,55,2,0.509,1,3,0,0.25,3.99,4.72,4,Illinois,
38,1982,Big Ten,10,55,60,0,0.478,3,2,0,0.6,4.46,5.16,1,Michigan,
39,1981,Big Ten,10,59,55,0,0.518,2,2,0,0.5,4.53,4.92,3,Iowa Ohio State,
40,1980,Big Ten,10,53,59,1,0.473,2,1,0,0.667,4.87,5.81,3,Michigan,
41,1979,Big Ten,10,58,54,2,0.518,2,2,0,0.5,7.09,6.9,4,Ohio State,
42,1978,Big Ten,10,51,55,7,0.482,1,2,0,0.333,4.79,5.81,3,Michigan Michigan State,
43,1977,Big Ten,10,56,55,2,0.504,0,3,0,0,6.44,6.74,2,Michigan Ohio State,record adjusted to 57-54-2 by NCAA
44,1976,Big Ten,10,55,55,2,0.5,1,1,0,0.5,7.84,7.95,2,Michigan Ohio State,
45,1975,Big Ten,10,53,55,4,0.491,0,2,0,0,5.93,6.48,2,Ohio State,
46,1974,Big Ten,10,55,53,3,0.509,0,1,0,0,7.27,7.24,3,Michigan Ohio State,
47,1973,Big Ten,10,52,56,2,0.482,1,0,0,1,10.29,10.19,2,Michigan Ohio State,
48,1972,Big Ten,10,51,57,2,0.473,0,1,0,0,5.99,6.95,2,Michigan Ohio State,
49,1971,Big Ten,10,50,58,1,0.463,0,1,0,0,4.93,5.63,1,Michigan,
50,1970,Big Ten,10,46,51,3,0.475,0,1,0,0,8.38,9.16,2,Ohio State,
51,1969,Big Ten,10,47,52,1,0.475,0,1,0,0,5.79,6.93,3,Michigan Ohio State,
52,1968,Big Ten,10,50,50,0,0.5,1,0,0,1,7.19,7.85,3,Ohio State,
53,1967,Big Ten,10,46,52,2,0.47,0,1,0,0,3.68,4.64,2,Indiana Minnesota Purdue,
54,1966,Big Ten,10,45,50,5,0.475,1,0,0,1,3.11,4.36,2,Michigan State,
55,1965,Big Ten,10,48,49,3,0.495,0,1,0,0,10.05,10.08,1,Michigan State,
56,1964,Big Ten,10,48,43,0,0.527,1,0,0,1,12.25,11.79,2,Michigan,
57,1963,Big Ten,10,46,37,7,0.55,1,0,0,1,12.14,10.73,2,Illinois,
58,1962,Big Ten,10,47,42,2,0.527,0,1,0,0,14.1,12.19,2,Wisconsin,
59,1961,Big Ten,10,52,38,1,0.577,1,0,0,1,11.51,8.95,4,Ohio State,
60,1960,Big Ten,10,53,36,2,0.593,0,1,0,0,16.28,12.65,5,Iowa Minnesota,
61,1959,Big Ten,10,46,40,5,0.533,0,1,0,0,10.78,9.42,2,Wisconsin,
62,1958,Big Ten,10,47,35,9,0.566,1,0,0,1,13.1,10.84,4,Iowa,
63,1957,Big Ten,10,49,40,2,0.549,1,0,0,1,10.6,8.65,4,Ohio State,
64,1956,Big Ten,10,48,33,10,0.582,1,0,0,1,12.49,9.61,5,Iowa,
65,1955,Big Ten,10,46,41,4,0.527,1,0,0,1,7.41,6.74,3,Ohio State,
66,1954,Big Ten,10,49,41,1,0.544,1,0,0,1,13.25,10.84,3,Ohio State,
67,1953,Big Ten,10,50,37,4,0.571,1,0,0,1,13.76,11.73,5,Illinois Michigan State,
68,1952,Big Ten,9,35,41,6,0.463,0,1,0,0,9.33,9.91,3,Purdue Wisconsin,
69,1951,Big Ten,9,40,35,7,0.53,1,0,0,1,11.35,10.68,2,Illinois,
70,1950,Big Ten,9,40,38,4,0.512,1,0,0,1,10.75,10.36,3,Michigan,
71,1949,Big Ten,9,41,35,6,0.537,1,0,0,1,16.78,15.5,3,Michigan Ohio State,
72,1948,Big Ten,9,44,38,0,0.537,1,0,0,1,12.97,11.05,3,Michigan,
73,1947,Big Ten,9,44,33,5,0.567,1,0,0,1,14.17,11.48,1,Michigan,
74,1946,Big Ten,9,44,33,5,0.567,1,0,0,1,12.54,10.09,3,Illinois,
75,1945,Big Ten,9,45,34,5,0.565,0,0,0,,11.77,9.63,3,Indiana,
76,1944,Big Ten,9,44,37,3,0.542,0,0,0,,14.43,12.61,3,Ohio State,
77,1943,Big Ten,9,40,39,3,0.506,0,0,0,,12.92,12.37,3,Michigan Purdue,
78,1942,Big Ten,9,50,37,1,0.574,0,0,0,,9.41,6.37,4,Ohio State,
79,1941,Big Ten,9,37,32,3,0.535,0,0,0,,11.83,10.08,4,Minnesota,
80,1940,Big Ten,9,39,33,0,0.542,0,0,0,,14.87,12.52,3,Minnesota,
81,1939,Big Ten,10,35,36,9,0.494,0,0,0,,6.04,5.96,3,Ohio State,
82,1938,Big Ten,10,36,35,9,0.506,0,0,0,,5.15,4.72,3,Minnesota,
83,1937,Big Ten,10,38,37,4,0.506,0,0,0,,3.15,2.5,2,Minnesota,
84,1936,Big Ten,10,41,34,5,0.544,0,0,0,,7.49,5.79,2,Northwestern,
85,1935,Big Ten,10,43,33,4,0.563,0,0,0,,7.92,5.56,,Minnesota Ohio State,
86,1934,Big Ten,10,44,33,3,0.569,0,0,0,,8.15,6.22,,Minnesota,
87,1933,Big Ten,10,41,26,13,0.594,0,0,0,,12.18,8.48,,Michigan Minnesota,
88,1932,Big Ten,10,45,28,8,0.605,0,0,0,,12.12,8.26,,Michigan Purdue,
89,1931,Big Ten,10,49,36,6,0.571,0,0,0,,6.35,4.33,,Michigan Northwestern Purdue,
90,1930,Big Ten,10,46,30,7,0.596,0,0,0,,9.6,5.99,,Michigan Northwestern,
91,1929,Big Ten,10,52,28,6,0.64,0,0,0,,9.05,3.99,,Purdue,
92,1928,Big Ten,10,50,28,4,0.634,0,0,0,,8.85,3.6,,Illinois,
93,1927,Big Ten,10,48,28,4,0.625,0,0,0,,10.72,5.29,,Illinois Minnesota,
94,1926,Big Ten,10,50,28,2,0.638,0,0,0,,10.95,5.14,,Michigan Northwestern,
95,1925,Big Ten,10,46,28,6,0.613,0,0,0,,8.63,3.53,,Michigan,
96,1924,Big Ten,10,42,24,13,0.614,0,0,0,,7.5,3.16,,Chicago,
97,1923,Big Ten,10,46,27,4,0.623,0,0,0,,6.46,2.02,,Illinois Michigan,
98,1922,Big Ten,10,35,27,8,0.557,0,0,0,,6,3.86,,Chicago Iowa Michigan,
99,1921,Big Ten,10,39,29,2,0.571,0,0,0,,6.73,3.1,,Iowa,
100,1920,Big Ten,10,42,29,0,0.592,0,1,0,0,9.78,6.07,,Ohio State,
101,1919,Big Ten,10,41,27,2,0.6,0,0,0,,9.29,5.36,,Illinois,
102,1918,Big Ten,10,38,25,4,0.597,0,0,0,,7.42,2.48,,Illinois Michigan Purdue,
103,1917,Big Ten,10,48,22,4,0.676,0,0,0,,13.12,5.53,,Ohio State,
104,1916,Big Ten,9,37,22,4,0.619,0,0,0,,4.82,-0.24,,Ohio State,
105,1915,Big Ten,9,36,21,6,0.619,0,0,0,,7.69,2.61,,Illinois Minnesota,
106,1914,Big Ten,9,39,22,2,0.635,0,0,0,,9.35,3.78,,Illinois,
107,1913,Big Ten,9,36,22,5,0.611,0,0,0,,7.66,2.68,,Chicago,
108,1912,Big Ten,8,32,20,3,0.609,0,0,0,,9.27,5.16,,Wisconsin,
109,1911,Big Ten,8,33,19,4,0.625,0,0,0,,5.97,1.91,,Minnesota,
110,1910,Big Ten,8,29,19,3,0.598,0,0,0,,2.13,-1.23,,Illinois Minnesota,
111,1909,Big Ten,8,27,20,5,0.567,0,0,0,,4.26,1.26,,Minnesota,
112,1908,Big Ten,8,29,18,3,0.61,0,0,0,,5.29,1.27,,Chicago,
113,1907,Big Ten,7,17,16,3,0.514,0,0,0,,3.67,2.58,,Chicago,
114,1906,Big Ten,8,24,16,1,0.598,0,0,0,,2.56,-0.2,,Michigan Minnesota Wisconsin,
115,1905,Big Ten,9,76,14,3,0.833,0,0,0,,14.09,0.51,,Chicago,
116,1904,Big Ten,9,77,19,2,0.796,0,0,0,,12.18,0.4,,Michigan Minnesota,
117,1903,Big Ten,9,78,20,7,0.776,0,0,0,,8.12,-2.88,,Michigan Minnesota Northwestern,
118,1902,Big Ten,9,71,25,4,0.73,0,0,0,,9.3,0.7,,Michigan,
119,1901,Big Ten,9,69,21,5,0.753,1,0,0,1,10.42,-0.12,,Michigan Wisconsin,
120,1900,Big Ten,9,63,19,12,0.734,0,0,0,,7.95,-1.73,,Iowa Minnesota,
121,1899,Big Ten,7,53,22,6,0.691,0,0,0,,5.56,-0.84,,Chicago,
122,1898,Big Ten,7,53,20,2,0.72,0,0,0,,3.22,-4.8,,Michigan,
123,1897,Big Ten,7,46,15,2,0.746,0,0,0,,3.33,-5.54,,Wisconsin,
124,1896,Big Ten,7,53,11,6,0.8,0,0,0,,6.53,-4.23,,Wisconsin,
1,2019,CUSA,14,84,94,0,0.472,3,5,0,0.375,-6.85,-5.24,0,Florida Atlantic,
2,2018,CUSA,14,83,93,0,0.472,4,2,0,0.667,-7.22,-5.83,0,UAB,
3,2017,CUSA,14,85,93,0,0.478,4,5,0,0.444,-8.5,-6.7,0,Florida Atlantic,
4,2016,CUSA,13,77,88,0,0.467,4,3,0,0.571,-6.99,-5.34,0,Western Kentucky,
5,2015,CUSA,13,76,87,0,0.466,3,2,0,0.6,-8.06,-6.12,1,Western Kentucky,
6,2014,CUSA,13,81,82,0,0.497,4,1,0,0.8,-3.19,-2.91,1,Marshall,
7,2013,CUSA,14,80,96,0,0.455,3,3,0,0.5,-7.78,-5.59,0,Rice,
8,2012,CUSA,12,65,86,0,0.43,4,1,0,0.8,-5.76,-3.24,0,Tulsa,
9,2011,CUSA,12,74,78,0,0.487,4,1,0,0.8,-4.39,-3.1,2,Southern Mississippi,
10,2010,CUSA,12,71,81,0,0.467,2,4,0,0.333,-5.59,-3.82,2,UCF,
11,2009,CUSA,12,70,82,0,0.461,2,4,0,0.333,-5.16,-2.91,0,East Carolina,
12,2008,CUSA,12,71,81,0,0.467,4,2,0,0.667,-4.29,-2.87,0,East Carolina,
13,2007,CUSA,12,67,85,0,0.441,2,4,0,0.333,-6.8,-4.28,0,UCF,
14,2006,CUSA,12,70,81,0,0.464,1,4,0,0.2,-3.78,-2.3,0,Houston,
15,2005,CUSA,12,67,73,0,0.479,3,3,0,0.5,-5.14,-4.13,0,Tulsa,
16,2004,CUSA,11,61,65,0,0.484,3,2,0,0.6,-2.89,-1.73,1,Louisville,
17,2003,CUSA,11,68,69,0,0.496,1,4,0,0.2,-5.08,-3.96,1,Southern Mississippi,
18,2002,CUSA,10,57,68,0,0.456,2,3,0,0.4,-4.37,-3.2,1,Cincinnati Texas Christian,
19,2001,CUSA,10,53,63,0,0.457,1,3,0,0.25,-4.22,-3.11,1,Louisville,
20,2000,CUSA,9,53,50,0,0.515,2,2,0,0.5,-1.95,-2.16,0,Louisville,
21,1999,CUSA,9,51,51,0,0.5,1,2,0,0.333,0.69,0.29,1,Southern Mississippi,
22,1998,CUSA,8,42,49,0,0.462,1,2,0,0.333,-2.58,-1.47,1,Tulane,
23,1997,CUSA,7,37,42,0,0.468,2,0,0,1,-3.12,-1.82,1,Southern Mississippi,
24,1996,CUSA,6,32,35,0,0.478,0,1,0,0,1.5,2.41,0,Houston Southern Mississippi,
1,2019,MAC,12,70,83,0,0.458,3,4,0,0.429,-7.14,-5.2,0,Miami (OH),
2,2018,MAC,12,68,84,0,0.447,1,5,0,0.167,-5.95,-3.95,0,Northern Illinois,
3,2017,MAC,12,71,80,0,0.47,1,4,0,0.2,-5.76,-4.43,0,Toledo,
4,2016,MAC,12,72,80,0,0.474,0,6,0,0,-4.97,-4.42,1,Western Michigan,
5,2015,MAC,13,77,87,0,0.47,3,4,0,0.429,-3.38,-2.39,0,Bowling Green State,
6,2014,MAC,13,73,88,0,0.453,2,3,0,0.4,-8.72,-6.78,0,Northern Illinois,
7,2013,MAC,13,73,90,0,0.448,0,5,0,0,-8.76,-5.95,0,Bowling Green State,
8,2012,MAC,13,81,84,0,0.491,2,5,0,0.286,-6.79,-5.21,1,Northern Illinois,
9,2011,MAC,13,79,84,0,0.485,4,1,0,0.8,-3.68,-3.01,0,Northern Illinois,
10,2010,MAC,13,70,92,0,0.432,2,2,0,0.5,-9.88,-7.09,0,Miami (OH),
11,2009,MAC,13,70,93,0,0.429,1,4,0,0.2,-8.86,-6.14,1,Central Michigan,
12,2008,MAC,13,75,88,0,0.46,0,5,0,0,-5.85,-4.57,0,Buffalo,
13,2007,MAC,13,67,94,0,0.416,0,3,0,0,-9.92,-6.43,0,Central Michigan,
14,2006,MAC,12,64,86,0,0.427,1,3,0,0.25,-8.96,-6.18,0,Central Michigan,
15,2005,MAC,12,63,73,0,0.463,1,1,0,0.5,-5.99,-4.39,0,Akron,
16,2004,MAC,14,69,92,0,0.429,2,3,0,0.4,-10.32,-7.6,0,Toledo,
17,2003,MAC,14,83,89,0,0.483,2,0,0,1,-6.42,-4.84,2,Miami (OH),
18,2002,MAC,14,80,91,0,0.468,1,1,0,0.5,-6.82,-5.18,1,Marshall,
19,2001,MAC,13,71,76,0,0.483,2,0,0,1,-6.63,-5.46,1,Toledo,
20,2000,MAC,13,67,79,0,0.459,1,0,0,1,-7.76,-6.05,0,Marshall,
21,1999,MAC,13,65,81,0,0.445,1,0,0,1,-11.26,-8.68,1,Marshall,
22,1998,MAC,12,62,73,0,0.459,1,0,0,1,-11.05,-8.86,0,Marshall,
23,1997,MAC,12,62,73,0,0.459,0,1,0,0,-6.3,-4.36,0,Marshall,
24,1996,MAC,10,47,65,0,0.42,0,1,0,0,-12.04,-9.3,0,Ball State,
25,1995,MAC,10,53,54,4,0.495,1,0,0,1,-8.3,-6.87,1,Toledo,
26,1994,MAC,10,49,59,3,0.455,0,1,0,0,-15.52,-13.68,0,Central Michigan,record adjusted to 50-58-3 by NCAA
27,1993,MAC,10,47,60,4,0.441,0,1,0,0,-14.43,-12.27,0,Ball State,
28,1992,MAC,10,52,56,3,0.482,1,0,0,1,-10.3,-8.96,0,Bowling Green State,
29,1991,MAC,9,46,46,8,0.5,1,0,0,1,-6.64,-5.92,0,Bowling Green State,
30,1990,MAC,9,44,50,5,0.47,0,1,0,0,-13.61,-11.97,0,Central Michigan Toledo,
31,1989,MAC,9,38,56,6,0.41,0,1,0,0,-17.65,-13.9,0,Ball State,
32,1988,MAC,9,47,48,4,0.495,0,1,0,0,-9.93,-9.36,0,Western Michigan,
33,1987,MAC,9,45,53,2,0.46,1,0,0,1,-10.95,-9.15,0,Eastern Michigan,
34,1986,MAC,9,46,53,0,0.465,0,1,0,0,-12.97,-10.9,0,Miami (OH),record adjusted to 47-52-0 by NCAA
35,1985,MAC,10,51,57,2,0.473,0,1,0,0,-11.51,-9.67,0,Bowling Green State,
36,1984,MAC,10,50,55,6,0.477,0,1,0,0,-8.86,-7.8,0,Toledo,record adjusted to 51-54-6 by NCAA
37,1983,MAC,10,57,54,0,0.514,1,0,0,1,-6,-5.58,0,Northern Illinois,
38,1982,MAC,10,50,56,4,0.473,0,1,0,0,-12.41,-11.66,0,Bowling Green State,
39,1981,MAC,10,51,58,2,0.468,1,0,0,1,-8.6,-7.57,0,Toledo,
40,1980,MAC,10,52,57,0,0.477,0,0,0,,-10.43,-9.63,0,Central Michigan,
41,1979,MAC,10,53,53,4,0.5,0,0,0,,-4.72,-5.26,0,Central Michigan,record adjusted to 54-52-4 by NCAA
42,1978,MAC,10,55,53,1,0.509,0,0,0,,-10.65,-10.64,0,Ball State,
43,1977,MAC,10,58,53,0,0.523,0,0,0,,-6.96,-7.62,0,Miami (OH),
44,1976,MAC,10,52,59,0,0.468,0,0,0,,-11.62,-10.15,0,Ball State,
45,1975,MAC,9,54,44,2,0.55,1,0,0,1,-4.76,-6.21,1,Miami (OH),
46,1974,MAC,6,38,26,2,0.591,1,0,0,1,-2.23,-5.83,1,Miami (OH),
47,1973,MAC,6,41,23,0,0.641,1,0,0,1,0.92,-2.66,1,Miami (OH),
48,1972,MAC,6,35,27,3,0.562,0,1,0,0,-6.94,-8.15,0,Kent State,
49,1971,MAC,6,40,23,0,0.635,1,0,0,1,-0.05,-5.41,1,Toledo,
50,1970,MAC,6,35,24,1,0.592,1,0,0,1,-4.05,-7.08,1,Toledo,
51,1969,MAC,7,41,29,1,0.585,1,0,0,1,-1.33,-4.66,0,Toledo,
52,1968,MAC,7,32,35,3,0.479,0,1,0,0,-7.58,-8.21,1,Ohio,
53,1967,MAC,7,36,33,0,0.522,0,0,0,,-4.53,-5.19,0,Ohio Toledo,
54,1966,MAC,7,35,33,1,0.514,0,0,0,,-4.4,-5.43,0,Miami (OH) Western Michigan,
55,1965,MAC,7,35,31,2,0.529,0,0,0,,-6.86,-7.52,0,Bowling Green State Miami (OH),
56,1964,MAC,7,35,30,3,0.537,0,0,0,,-7.14,-8.16,0,Bowling Green State,
57,1963,MAC,7,31,32,4,0.493,0,0,0,,-11.79,-11.58,0,Ohio,
58,1962,MAC,7,38,28,2,0.574,0,2,0,0,-2.22,-4.04,0,Bowling Green State,
1,2019,MWC,12,84,70,0,0.545,4,3,0,0.571,-2.55,-3.18,2,Boise State,
2,2018,MWC,12,78,74,0,0.513,3,2,0,0.6,-2.72,-3.02,3,Fresno State,
3,2017,MWC,12,73,80,0,0.477,3,3,0,0.5,-4.11,-3.15,1,Boise State,
4,2016,MWC,12,79,75,0,0.513,4,3,0,0.571,-2.97,-3.1,1,San Diego State,
5,2015,MWC,12,72,83,0,0.465,4,4,0,0.5,-5.48,-4.1,0,San Diego State,
6,2014,MWC,12,79,77,0,0.506,3,4,0,0.429,-2.95,-2.48,1,Boise State,
7,2013,MWC,12,72,80,0,0.474,3,3,0,0.5,-4.13,-2.98,0,Fresno State,
8,2012,MWC,10,59,68,0,0.465,1,4,0,0.2,-5.56,-4.67,1,Boise State Fresno State San Diego State,
9,2011,MWC,8,52,49,0,0.515,2,3,0,0.4,-3.44,-3.23,2,Texas Christian,
10,2010,MWC,9,57,57,0,0.5,4,1,0,0.8,-1.03,-0.07,1,Texas Christian,
11,2009,MWC,9,61,52,0,0.54,4,1,0,0.8,-0.26,-1.15,3,Texas Christian,
12,2008,MWC,9,64,49,0,0.566,3,2,0,0.6,-0.8,-1.85,3,Utah,
13,2007,MWC,9,60,53,0,0.531,4,1,0,0.8,0.61,-0.29,1,BYU,
14,2006,MWC,9,55,57,0,0.491,3,1,0,0.75,-1.1,-1.54,2,BYU,
15,2005,MWC,9,51,53,0,0.49,2,2,0,0.5,-1.71,-1.55,1,Texas Christian,
16,2004,MWC,8,46,45,0,0.505,2,1,0,0.667,2.7,2.4,1,Utah,
17,2003,MWC,8,52,46,0,0.531,1,2,0,0.333,1.21,0.07,1,Utah,
18,2002,MWC,8,46,55,0,0.455,0,3,0,0,-3.63,-2.17,0,Colorado State,
19,2001,MWC,8,48,46,0,0.511,2,1,0,0.667,-1.74,-1.94,1,BYU,
20,2000,MWC,8,46,48,0,0.489,3,0,0,1,-2,-1.53,1,Colorado State,
21,1999,MWC,8,50,41,0,0.549,1,2,0,0.333,1.19,-0.75,0,BYU Colorado State Utah,
1,2019,PAC-12,12,83,70,0,0.542,4,3,0,0.571,4.99,3.61,2,Oregon,
2,2018,PAC-12,12,82,71,0,0.536,3,4,0,0.429,3.53,2.16,2,Washington,
3,2017,PAC-12,12,84,71,0,0.542,1,8,0,0.111,3.92,2.41,3,USC,
4,2016,PAC-12,12,84,68,0,0.553,3,3,0,0.5,6.64,4.8,5,Washington,
5,2015,PAC-12,12,90,67,0,0.573,6,4,0,0.6,6.86,4.08,3,Stanford,
6,2014,PAC-12,12,92,64,0,0.59,6,3,0,0.667,8.41,5.41,6,Oregon,
7,2013,PAC-12,12,92,64,0,0.59,6,3,0,0.667,10.49,7.01,6,Stanford,
8,2012,PAC-12,12,84,70,0,0.545,4,4,0,0.5,6.34,4.66,3,Stanford,
9,2011,PAC-12,12,81,73,0,0.526,2,5,0,0.286,3.69,2.75,3,Oregon,
10,2010,PAC-12,10,68,57,0,0.544,2,2,0,0.5,8.44,6.52,2,Oregon,
11,2009,PAC-12,10,68,59,0,0.535,2,5,0,0.286,4.84,3.76,2,Oregon,
12,2008,PAC-12,10,64,62,0,0.508,5,0,0,1,3.62,3.35,3,USC,
13,2007,PAC-12,10,70,57,0,0.551,4,2,0,0.667,8.7,6.38,4,Arizona State USC,
14,2006,PAC-12,10,70,57,0,0.551,3,3,0,0.5,7.3,6.05,3,California USC,
15,2005,PAC-12,10,66,50,0,0.569,3,2,0,0.6,6.61,4.03,4,USC,record adjusted to 54-50-0 by NCAA
16,2004,PAC-12,10,63,53,0,0.543,3,2,0,0.6,9.17,7.36,3,USC,record adjusted to 61-53-0 by NCAA
17,2003,PAC-12,10,69,57,0,0.548,4,2,0,0.667,5.07,3.63,2,USC,
18,2002,PAC-12,10,72,55,0,0.567,2,5,0,0.286,7.74,4.78,2,USC Washington State,
19,2001,PAC-12,10,66,49,0,0.574,2,3,0,0.4,6.41,4.2,4,Oregon,
20,2000,PAC-12,10,66,50,0,0.569,3,2,0,0.6,8.35,6.51,3,Oregon Oregon State Washington,
21,1999,PAC-12,10,60,58,0,0.508,1,4,0,0.2,2.17,1.94,1,Stanford,record adjusted to 56-58-0 by NCAA
22,1998,PAC-12,10,65,52,0,0.556,1,4,0,0.2,5.82,4.64,2,UCLA,
23,1997,PAC-12,10,68,48,0,0.586,5,1,0,0.833,9.41,6.37,4,UCLA Washington State,
24,1996,PAC-12,10,62,53,0,0.539,1,3,0,0.25,5.52,3.98,2,Arizona State,
25,1995,PAC-12,10,58,54,3,0.517,1,4,0,0.2,2.41,1.92,2,USC Washington,
26,1994,PAC-12,10,59,54,2,0.522,2,2,0,0.5,5.47,4.92,4,Oregon,
27,1993,PAC-12,10,66,50,0,0.569,3,1,0,0.75,8.33,6.07,3,Arizona USC UCLA,
28,1992,PAC-12,10,63,51,3,0.551,2,4,0,0.333,8.7,6.86,3,Stanford Washington,
29,1991,PAC-12,10,60,54,0,0.526,3,1,0,0.75,7.47,6.12,4,Washington,
30,1990,PAC-12,10,58,56,2,0.509,2,3,0,0.4,5.33,5.7,2,Washington,
31,1989,PAC-12,10,59,52,4,0.53,4,0,0,1,6.53,5.57,3,USC,
32,1988,PAC-12,10,66,44,4,0.596,2,1,0,0.667,9.55,6.34,3,USC,
33,1987,PAC-12,10,55,51,8,0.518,3,1,0,0.75,5.32,4.87,3,USC UCLA,
34,1986,PAC-12,10,63,49,4,0.56,3,3,0,0.5,10.26,8.58,4,Arizona State,
35,1985,PAC-12,10,58,55,2,0.513,2,2,1,0.5,3.86,3.21,1,UCLA,
36,1984,PAC-12,10,62,51,0,0.549,3,0,0,1,4.14,2.87,3,USC,
37,1983,PAC-12,10,51,54,7,0.487,1,1,0,0.5,1.97,1.92,1,UCLA,
38,1982,PAC-12,10,62,46,5,0.571,3,0,0,1,10.74,8.16,4,UCLA,
39,1981,PAC-12,10,58,54,2,0.518,1,3,0,0.25,5.38,4.37,3,Washington,
40,1980,PAC-12,10,57,51,3,0.527,0,1,0,0,7.79,6.72,3,Washington,
41,1979,PAC-12,10,58,54,3,0.517,2,2,0,0.5,7.61,6.84,2,USC,record adjusted to 61-51-3 by NCAA
42,1978,PAC-12,10,63,49,3,0.561,3,0,1,0.875,11.19,8.82,3,USC,
43,1977,PAC-12,8,49,42,0,0.538,3,0,0,1,8.81,7.87,3,Washington,record adjusted to 48-43-0 by NCAA
44,1976,PAC-12,8,45,45,1,0.5,1,1,0,0.5,6.33,6.13,2,USC,
45,1975,PAC-12,8,44,44,2,0.5,2,0,0,1,6.61,7.01,3,California UCLA,
46,1974,PAC-12,8,40,43,6,0.483,1,0,0,1,4.43,5.16,1,USC,
47,1973,PAC-12,8,40,48,1,0.455,0,1,0,0,5.74,7.1,2,USC,
48,1972,PAC-12,8,50,39,0,0.562,1,0,0,1,10.48,8.22,3,USC,
49,1971,PAC-12,8,45,41,2,0.523,1,0,0,1,8.25,7.77,3,Stanford,
50,1970,PAC-12,8,46,40,2,0.534,1,0,0,1,12.98,11.69,2,Stanford,
51,1969,PAC-12,8,43,35,4,0.549,1,0,0,1,9.91,8.25,3,USC,
52,1968,PAC-12,8,42,34,6,0.549,0,1,0,0,6.34,4.57,2,USC,
53,1967,PAC-12,8,43,36,2,0.543,1,0,0,1,6.4,5.49,2,USC,
54,1966,PAC-12,8,43,38,0,0.531,0,1,0,0,3.88,2.62,1,USC,
55,1965,PAC-12,8,47,30,4,0.605,1,0,0,1,9.58,7.08,2,UCLA,
56,1964,PAC-12,8,43,36,2,0.543,0,1,0,0,8.8,8.35,2,Oregon State USC,
57,1963,PAC-12,6,25,34,2,0.426,0,1,0,0,5.6,7.77,0,Washington,
58,1962,PAC-12,6,33,25,3,0.566,1,0,0,1,8.12,6.28,1,USC,
59,1961,PAC-12,5,21,27,3,0.441,0,1,0,0,0.61,3.59,1,UCLA,
60,1960,PAC-12,5,23,26,2,0.471,1,0,0,1,2.66,4.43,1,Washington,
61,1959,PAC-12,5,28,22,1,0.559,1,0,0,1,8.5,6.28,2,USC UCLA Washington,
62,1958,PAC-12,9,40,48,2,0.456,0,1,0,0,1.68,2.98,1,California,
63,1957,PAC-12,9,44,44,2,0.5,0,1,0,0,5.93,5.28,0,Oregon Oregon State,
64,1956,PAC-12,9,45,41,4,0.522,0,1,0,0,7.18,6.62,2,Oregon State,
65,1955,PAC-12,9,43,41,5,0.511,0,1,0,0,7.32,6.25,3,UCLA,
66,1954,PAC-12,9,43,46,0,0.483,0,1,0,0,1.84,2.86,2,UCLA,
67,1953,PAC-12,9,39,43,6,0.477,0,1,0,0,2.9,4.43,2,UCLA,
68,1952,PAC-12,9,49,37,2,0.568,1,0,0,1,9.14,7.1,2,USC,
69,1951,PAC-12,9,47,40,2,0.539,0,1,0,0,8.58,7.03,4,Stanford,
70,1950,PAC-12,9,41,37,8,0.523,0,1,0,0,5.74,4.99,2,California,
71,1949,PAC-12,10,53,41,2,0.563,0,1,0,0,9.87,7.82,1,California,
72,1948,PAC-12,10,49,48,6,0.505,0,2,0,0,3.6,3.3,2,California Oregon,
73,1947,PAC-12,10,50,45,1,0.526,0,1,0,0,5.48,4.15,2,USC,
74,1946,PAC-12,10,46,42,4,0.522,0,1,0,0,-1.48,-1.66,1,UCLA,
75,1945,PAC-12,8,36,35,3,0.507,0,1,0,0,-6.83,-6.84,1,USC,
76,1944,PAC-12,4,20,14,4,0.579,1,0,0,1,-0.27,-3.94,1,USC,
77,1943,PAC-12,3,13,16,0,0.448,1,0,0,1,-5.29,-3.08,0,USC,
78,1942,PAC-12,10,42,49,7,0.464,0,1,0,0,-0.43,0.85,3,UCLA,
79,1941,PAC-12,10,51,42,2,0.547,1,0,0,1,10.19,8.62,2,Oregon State,
80,1940,PAC-12,10,43,43,8,0.5,1,0,0,1,5.29,5.65,2,Stanford,
81,1939,PAC-12,10,43,41,9,0.511,1,0,0,1,-0.22,0.19,2,USC UCLA,
82,1938,PAC-12,10,54,40,5,0.571,1,0,0,1,7,5.27,2,California USC,
83,1937,PAC-12,10,48,31,15,0.59,1,0,0,1,5.52,2.4,1,California,
84,1936,PAC-12,10,46,42,9,0.521,0,1,0,0,5.67,4.52,1,Washington,
85,1935,PAC-12,10,55,36,4,0.6,1,0,0,1,6.97,3.46,,Washington,
86,1934,PAC-12,10,50,40,7,0.552,0,1,0,0,3.75,1.08,,Stanford Washington,
87,1933,PAC-12,10,62,28,8,0.673,0,1,0,0,8.78,3.51,,Oregon Stanford,
88,1932,PAC-12,10,57,35,7,0.611,1,0,0,1,8.93,4.55,,USC,
89,1931,PAC-12,10,55,31,7,0.629,1,0,0,1,9.05,5.53,,USC,
90,1930,PAC-12,10,61,33,1,0.647,0,1,0,0,5.39,0.38,,Washington State,
91,1929,PAC-12,10,61,34,3,0.638,1,0,0,1,5.18,-0.15,,USC,
92,1928,PAC-12,10,63,30,7,0.665,0,1,0,0,5.63,-0.67,,USC,
93,1927,PAC-12,9,47,23,10,0.65,1,0,0,1,3.23,-1.62,,USC Stanford,
94,1926,PAC-12,9,50,25,3,0.66,0,0,1,0.5,6.4,0.53,,Stanford,
95,1925,PAC-12,9,51,28,4,0.639,0,1,0,0,2.78,-2.2,,Washington,
96,1924,PAC-12,9,49,22,10,0.667,1,1,0,0.5,7.46,1.12,,Stanford,
97,1923,PAC-12,8,46,20,7,0.678,0,0,1,0.5,5.16,-1.86,,California,
98,1922,PAC-12,8,43,22,2,0.657,1,0,0,1,2.89,-2.05,,California,
99,1921,PAC-12,6,29,12,10,0.667,0,0,1,0.5,1.48,-4.02,,California,
100,1920,PAC-12,6,24,13,3,0.638,1,0,0,1,-1.41,-5.48,,California,
101,1919,PAC-12,6,29,14,2,0.667,0,1,0,0,3.68,-3.94,,Oregon Washington,
102,1918,PAC-12,5,13,13,0,0.5,0,0,0,,-7.3,-5.26,,California,
103,1917,PAC-12,5,20,12,4,0.611,0,0,0,,-0.65,-3.74,,Washington State,
104,1916,PAC-12,4,23,9,3,0.7,1,0,0,1,5.47,-4.29,,Washington,
1,2019,SEC,14,107,73,0,0.594,8,2,0,0.8,7.97,4.19,5,LSU,
2,2018,SEC,14,113,69,0,0.621,6,6,0,0.5,10.7,5.56,6,Alabama,
3,2017,SEC,14,107,73,0,0.594,5,6,0,0.455,6.99,3.91,5,Georgia,
4,2016,SEC,14,105,76,0,0.58,6,7,0,0.462,7.17,4.11,5,Alabama,record adjusted to 100-76-0 by NCAA
5,2015,SEC,14,111,69,0,0.617,9,2,0,0.818,8.6,4.33,5,Alabama,
6,2014,SEC,14,112,69,0,0.619,7,5,0,0.583,10.8,5.8,6,Alabama,record adjusted to 104-69-0 by NCAA
7,2013,SEC,14,111,69,0,0.617,7,3,0,0.7,10.43,5.91,7,Auburn,record adjusted to 104-69-0 by NCAA
8,2012,SEC,14,111,68,0,0.62,6,3,0,0.667,10.06,5.37,7,Alabama,record adjusted to 104-68-0 by NCAA
9,2011,SEC,12,97,58,0,0.626,6,3,0,0.667,8.73,4.03,5,LSU,record adjusted to 95-58-0 by NCAA
10,2010,SEC,12,95,61,0,0.609,5,5,0,0.5,8.21,3.69,6,Auburn,record adjusted to 91-61-0 by NCAA
11,2009,SEC,12,97,59,0,0.622,6,4,0,0.6,10.35,5.37,4,Alabama,
12,2008,SEC,12,92,62,0,0.597,6,2,0,0.75,6.83,3.31,4,Florida,
13,2007,SEC,12,96,59,0,0.619,7,2,0,0.778,9.78,5.3,5,LSU,record adjusted to 91-59-0 by NCAA
14,2006,SEC,12,96,59,0,0.619,6,3,0,0.667,9.02,4.92,6,Florida,record adjusted to 90-59-0 by NCAA
15,2005,SEC,12,79,61,0,0.564,3,3,0,0.5,4.61,2.46,5,Georgia,record adjusted to 69-61-0 by NCAA
16,2004,SEC,12,77,63,0,0.55,3,3,0,0.5,4.85,2.8,4,Auburn,
17,2003,SEC,12,86,68,0,0.558,5,2,0,0.714,7.1,4.54,5,LSU,
18,2002,SEC,12,89,65,0,0.578,3,4,0,0.429,6.32,3.58,3,Georgia,
19,2001,SEC,12,83,59,0,0.585,5,3,0,0.625,8.57,5.48,5,LSU,
20,2000,SEC,12,80,63,0,0.559,4,5,0,0.444,5.32,3.04,6,Florida,
21,1999,SEC,12,81,61,0,0.57,4,4,0,0.5,7.71,5.22,7,Alabama,
22,1998,SEC,12,80,62,0,0.563,4,4,0,0.5,5.52,3.62,4,Tennessee,
23,1997,SEC,12,86,54,0,0.614,5,1,0,0.833,10.68,7.43,6,Tennessee,
24,1996,SEC,12,81,58,0,0.583,5,0,0,1,6.04,3.7,5,Florida,
25,1995,SEC,12,79,59,2,0.571,2,4,0,0.333,5.86,3.49,4,Florida,
26,1994,SEC,12,78,58,3,0.572,3,2,0,0.6,6.98,4.14,5,Florida,
27,1993,SEC,12,77,56,5,0.576,2,2,0,0.5,6.13,2.93,4,Florida,record adjusted to 75-60-3 by NCAA
28,1992,SEC,12,80,58,2,0.579,5,1,0,0.833,4.96,2.88,6,Alabama,
29,1991,SEC,10,69,46,0,0.6,2,3,0,0.4,5.74,2.7,4,Florida,
30,1990,SEC,10,61,51,3,0.543,2,2,0,0.5,1.89,1.25,4,Tennessee,
31,1989,SEC,10,68,48,0,0.586,3,3,0,0.5,7.17,4.19,3,Alabama Auburn Tennessee,
32,1988,SEC,10,62,53,0,0.539,3,2,0,0.6,4.52,2.91,4,Auburn LSU,
33,1987,SEC,10,67,46,4,0.59,3,2,1,0.583,8.47,5.13,4,Auburn,
34,1986,SEC,10,70,45,2,0.607,4,2,0,0.667,6.26,2.46,3,LSU,
35,1985,SEC,10,68,38,9,0.63,2,2,1,0.5,9.25,5.54,4,Tennessee,
36,1984,SEC,10,67,44,5,0.599,2,2,1,0.5,8.91,5.64,4,Florida,
37,1983,SEC,10,68,46,3,0.594,5,2,0,0.714,11.22,8.52,4,Auburn,record adjusted to 69-45-3 by NCAA
38,1982,SEC,10,67,47,3,0.585,2,5,0,0.286,9.09,6.14,3,Georgia,
39,1981,SEC,10,61,51,3,0.543,2,3,0,0.4,7.49,6.25,2,Alabama Georgia,
40,1980,SEC,10,64,50,0,0.561,3,1,0,0.75,9.8,7.99,3,Georgia,
41,1979,SEC,10,53,59,1,0.473,2,1,0,0.667,6.35,5.94,2,Alabama,
42,1978,SEC,10,60,49,4,0.549,1,2,0,0.333,8.82,7.54,2,Alabama,
43,1977,SEC,10,61,50,1,0.549,1,1,0,0.5,9.33,7.84,2,Alabama,record adjusted to 58-53-1 by NCAA
44,1976,SEC,10,66,47,1,0.583,2,2,0,0.5,10.7,7.76,4,Georgia Kentucky,record adjusted to 61-52-1 by NCAA
45,1975,SEC,10,64,46,4,0.579,1,2,0,0.333,9.18,6.55,2,Alabama,record adjusted to 62-50-2 by NCAA
46,1974,SEC,10,72,40,5,0.637,3,3,1,0.5,12.9,8.14,5,Alabama,
47,1973,SEC,10,68,45,3,0.599,1,5,0,0.167,10.31,7.4,3,Alabama,
48,1972,SEC,10,66,44,2,0.598,2,2,0,0.5,13,9.6,4,Alabama,
49,1971,SEC,10,73,41,1,0.639,4,2,0,0.667,12.41,8.28,6,Alabama,
50,1970,SEC,10,66,45,1,0.594,2,2,1,0.5,11.73,7.8,4,LSU,
51,1969,SEC,10,63,41,2,0.604,2,4,0,0.333,11.77,7.88,5,Tennessee,
52,1968,SEC,10,60,38,8,0.604,3,3,0,0.5,9.39,6.89,5,Georgia,
53,1967,SEC,10,54,47,4,0.533,1,4,0,0.2,9.95,8.31,2,Tennessee,
54,1966,SEC,10,61,42,2,0.59,4,1,0,0.8,9.88,7.15,2,Alabama Georgia,
55,1965,SEC,11,64,47,5,0.573,4,2,0,0.667,13.41,11.1,3,Alabama,
56,1964,SEC,11,62,47,5,0.566,2,2,0,0.5,8.65,6.78,2,Alabama,
57,1963,SEC,12,66,48,10,0.573,2,3,0,0.4,9.71,7.38,3,Ole Miss,
58,1962,SEC,12,63,52,8,0.545,4,1,0,0.8,8.08,6.59,3,Ole Miss,
59,1961,SEC,12,70,53,1,0.569,2,2,0,0.5,9.78,7.29,4,Alabama LSU,
60,1960,SEC,12,70,43,9,0.611,2,0,1,0.833,10.74,6.67,4,Ole Miss,
61,1959,SEC,12,73,44,7,0.617,2,3,0,0.4,10.84,6.76,5,Georgia,
62,1958,SEC,12,69,45,8,0.598,2,1,0,0.667,8.6,5.04,4,LSU,
63,1957,SEC,12,63,49,8,0.558,2,0,0,1,8.63,6.15,5,Auburn,
64,1956,SEC,12,69,50,3,0.578,1,1,0,0.5,9.43,7.2,2,Tennessee,
65,1955,SEC,12,69,48,7,0.585,3,1,0,0.75,8.02,5.26,3,Ole Miss,
66,1954,SEC,12,65,53,6,0.548,2,1,0,0.667,5.28,3.52,2,Ole Miss,
67,1953,SEC,12,62,49,17,0.551,1,2,0,0.333,5.18,3.03,4,Alabama,
68,1952,SEC,12,76,45,7,0.621,3,2,0,0.6,9.67,5.56,6,Georgia Tech,
69,1951,SEC,12,76,48,3,0.61,2,1,0,0.667,8,4.26,3,Georgia Tech Tennessee,
70,1950,SEC,12,73,49,6,0.594,2,1,0,0.667,5.87,1.94,4,Kentucky,
71,1949,SEC,12,63,49,10,0.557,0,2,0,0,4.41,2.06,3,Tulane,
72,1948,SEC,12,69,44,8,0.603,0,1,0,0,10.32,6.02,4,Georgia,
73,1947,SEC,12,73,45,5,0.614,3,1,1,0.7,7.24,4.07,3,Ole Miss,
74,1946,SEC,12,74,47,1,0.611,2,1,1,0.625,11.58,7.56,4,Georgia Tennessee,
75,1945,SEC,12,64,49,2,0.565,2,0,0,1,5.57,2.51,4,Alabama,
76,1944,SEC,11,52,38,4,0.574,0,3,0,0,6.48,3.35,2,Georgia Tech,
77,1943,SEC,4,23,13,0,0.639,2,0,0,1,3.55,-1.16,1,Georgia Tech,
78,1942,SEC,12,76,45,3,0.625,3,1,0,0.75,10.53,5.4,6,Georgia,
79,1941,SEC,12,73,39,6,0.644,2,0,0,1,8.42,2.66,5,Mississippi State,
80,1940,SEC,12,74,43,6,0.626,1,1,0,0.5,7.22,1.96,2,Tennessee,
81,1939,SEC,13,76,46,6,0.617,1,2,0,0.333,7.55,3.06,3,Georgia Tech Tennessee Tulane,
82,1938,SEC,13,69,52,8,0.566,1,0,0,1,3.79,1.16,3,Tennessee,
83,1937,SEC,13,73,49,10,0.591,1,2,0,0.333,8.63,4.64,2,Alabama,
84,1936,SEC,13,71,46,14,0.595,0,2,1,0.167,7.19,3.56,3,LSU,
85,1935,SEC,13,78,51,1,0.604,0,2,0,0,7.88,4.32,,LSU,
86,1934,SEC,13,72,54,4,0.569,2,0,0,1,5.18,2.88,,Alabama Tulane,
87,1933,SEC,13,71,45,12,0.602,0,0,0,,6.94,3.18,,Alabama,
1,2019,Sun Belt,10,66,61,0,0.52,3,2,0,0.6,-2.99,-3.19,1,Appalachian State,
2,2018,Sun Belt,10,65,61,0,0.516,3,2,0,0.6,-4.21,-4.07,0,Appalachian State,
3,2017,Sun Belt,12,65,82,0,0.442,4,1,0,0.8,-10.03,-7.71,0,Appalachian State Troy,
4,2016,Sun Belt,11,66,72,0,0.478,4,2,0,0.667,-5.3,-3.73,0,Appalachian State Arkansas State,
5,2015,Sun Belt,11,60,77,0,0.438,2,2,0,0.5,-7.96,-5.58,0,Arkansas State,
6,2014,Sun Belt,11,56,78,0,0.418,1,2,0,0.333,-9.75,-6.83,0,Georgia Southern,record adjusted to 54-78-0 by NCAA
7,2013,Sun Belt,8,49,49,0,0.5,2,0,0,1,-6.21,-5.18,0,Arkansas State Louisiana,record adjusted to 41-49-0 by NCAA
8,2012,Sun Belt,10,59,66,0,0.472,2,2,0,0.5,-4.16,-3.01,0,Arkansas State,record adjusted to 55-66-0 by NCAA
9,2011,Sun Belt,9,49,62,0,0.441,1,2,0,0.333,-9.66,-6.33,0,Arkansas State,record adjusted to 41-62-0 by NCAA
10,2010,Sun Belt,9,42,69,0,0.378,2,1,0,0.667,-11.14,-6.71,0,Florida International Troy,
11,2009,Sun Belt,9,45,65,0,0.409,1,1,0,0.5,-8.87,-5,0,Troy,
12,2008,Sun Belt,8,42,56,0,0.429,1,1,0,0.5,-8.05,-5.23,0,Troy,
13,2007,Sun Belt,8,38,59,0,0.392,1,0,0,1,-7.68,-3.11,0,Florida Atlantic Troy,
14,2006,Sun Belt,8,39,59,0,0.398,1,1,0,0.5,-9.3,-5.17,0,Middle Tennessee State Troy,record adjusted to 33-59-0 by NCAA
15,2005,Sun Belt,8,34,55,0,0.382,0,1,0,0,-14.39,-9.42,0,Arkansas State Louisiana Louisiana-Monroe,record adjusted to 30-55-0 by NCAA
16,2004,Sun Belt,11,54,70,0,0.435,0,2,0,0,-11.57,-7.86,0,North Texas,
17,2003,Sun Belt,8,32,65,0,0.33,0,1,0,0,-11.51,-5.83,0,North Texas,
18,2002,Sun Belt,7,33,53,0,0.384,1,0,0,1,-9.28,-4.61,0,North Texas,
19,2001,Sun Belt,7,26,53,0,0.329,0,1,0,0,-14.96,-8.26,0,Middle Tennessee State North Texas,
1,2012,Big East,8,56,44,0,0.56,3,2,0,0.6,0.98,-1.34,1,Cincinnati Louisville Rutgers Syracuse,
2,2011,Big East,8,57,44,0,0.564,3,2,0,0.6,3.19,0.45,2,Cincinnati Louisville West Virginia,
3,2010,Big East,8,56,46,0,0.549,4,2,0,0.667,2,-0.37,0,Connecticut Pitt West Virginia,
4,2009,Big East,8,64,38,0,0.627,4,2,0,0.667,5.51,1.52,3,Cincinnati,
5,2008,Big East,8,61,42,0,0.592,4,2,0,0.667,3.08,0.68,2,Cincinnati,
6,2007,Big East,8,60,41,0,0.594,3,2,0,0.6,6.83,2.5,2,Connecticut West Virginia,
7,2006,Big East,8,65,36,0,0.644,5,0,0,1,7.54,2.34,3,Louisville,record adjusted to 61-36-0 by NCAA
8,2005,Big East,8,48,44,0,0.522,1,3,0,0.25,1.18,0.18,2,West Virginia,record adjusted to 47-44-0 by NCAA
9,2004,Big East,7,45,37,0,0.549,2,3,0,0.4,-0.75,-1.73,2,Boston College Pitt Syracuse West Virginia,record adjusted to 39-37-0 by NCAA
10,2003,Big East,8,55,46,0,0.545,2,3,0,0.4,4.02,1.53,1,Miami (FL) West Virginia,
11,2002,Big East,8,58,44,0,0.569,3,2,0,0.6,3.92,1.86,4,Miami (FL),
12,2001,Big East,8,54,40,0,0.574,4,1,0,0.8,6.25,3.34,4,Miami (FL),
13,2000,Big East,8,56,37,0,0.602,4,1,0,0.8,7.01,3.13,2,Miami (FL),
14,1999,Big East,8,47,46,0,0.505,2,2,0,0.5,2.01,1.82,2,Virginia Tech,
15,1998,Big East,8,47,45,0,0.511,2,2,0,0.5,1.92,0.97,3,Syracuse,
16,1997,Big East,8,41,52,0,0.441,0,4,0,0,-5.12,-2.94,1,Syracuse,
17,1996,Big East,8,48,45,0,0.516,2,2,0,0.5,2.95,2.92,3,Miami (FL) Syracuse Virginia Tech,
18,1995,Big East,8,43,48,0,0.473,2,0,0,1,1.7,2.54,3,Miami (FL) Virginia Tech,
19,1994,Big East,8,49,42,2,0.538,1,3,0,0.25,2.86,1.89,2,Miami (FL),
20,1993,Big East,8,52,39,1,0.571,2,2,0,0.5,2.99,1.87,4,West Virginia,
21,1992,Big East,8,47,41,4,0.533,1,2,0,0.333,2.09,1.02,3,Miami (FL),
22,1991,Big East,8,51,39,0,0.567,2,0,0,1,5.42,3.03,2,Miami (FL),
1,2012,WAC,7,45,41,0,0.523,2,0,0,1,-3.85,-4.15,2,Utah State,
2,2011,WAC,8,43,59,0,0.422,0,3,0,0,-5.63,-3.73,0,Louisiana Tech,
3,2010,WAC,9,61,55,0,0.526,2,2,0,0.5,-0.81,-1.14,2,Boise State Hawaii Nevada,
4,2009,WAC,9,57,58,0,0.496,2,2,0,0.5,-4.26,-3.24,1,Boise State,
5,2008,WAC,9,55,59,0,0.482,1,4,0,0.2,-4.93,-3.63,1,Boise State,
6,2007,WAC,9,54,59,0,0.478,1,3,0,0.25,-5.27,-4,1,Hawaii,
7,2006,WAC,9,57,57,0,0.5,3,1,0,0.75,-3,-2.42,1,Boise State,
8,2005,WAC,9,46,60,0,0.434,1,2,0,0.333,-9.23,-6.15,0,Boise State Nevada,
9,2004,WAC,10,59,59,0,0.5,2,2,0,0.5,-2.24,-1.73,2,Boise State,
10,2003,WAC,10,60,67,0,0.472,3,1,0,0.75,-6.09,-4.19,1,Boise State,
11,2002,WAC,10,56,69,0,0.448,2,1,0,0.667,-7.21,-4.6,1,Boise State,
12,2001,WAC,10,56,62,0,0.475,0,2,0,0,-5.56,-3.76,0,Louisiana Tech,
13,2000,WAC,9,48,59,0,0.449,0,3,0,0,-5.08,-3.1,1,Texas Christian UTEP,
14,1999,WAC,8,44,48,0,0.478,2,1,0,0.667,-4.85,-3.42,0,Fresno State Hawaii Texas Christian,
15,1998,WAC,16,87,101,0,0.463,2,2,0,0.5,-2.98,-1.73,1,Air Force,record adjusted to 83-95-0 by NCAA
16,1997,WAC,16,90,97,0,0.481,1,2,0,0.333,-4.03,-2.89,1,Colorado State,record adjusted to 92-95-0 by NCAA
17,1996,WAC,16,91,95,0,0.489,1,1,0,0.5,-3.66,-2.43,2,BYU,
18,1995,WAC,10,59,58,0,0.504,0,2,0,0,-2.72,-2.79,0,Air Force BYU Colorado State Utah,
19,1994,WAC,10,64,53,3,0.546,2,1,0,0.667,1.76,0.2,3,Colorado State,
20,1993,WAC,10,57,62,0,0.479,0,4,0,0,-2.28,-2.17,0,BYU Fresno State Wyoming,
21,1992,WAC,10,60,59,1,0.504,2,3,0,0.4,-0.21,-0.48,2,BYU Fresno State Hawaii,
22,1991,WAC,9,51,52,6,0.495,1,1,1,0.5,-2.82,-2.06,2,BYU,
23,1990,WAC,9,57,51,0,0.528,2,2,0,0.5,-0.87,-1.18,1,BYU,
24,1989,WAC,9,51,54,4,0.486,0,3,0,0,-0.58,-0.58,1,BYU,
25,1988,WAC,9,56,52,0,0.519,1,2,0,0.333,-1.05,-1.18,0,Wyoming,
26,1987,WAC,9,51,58,0,0.468,0,3,0,0,-3.51,-2.71,0,Wyoming,
27,1986,WAC,9,51,55,0,0.481,0,2,0,0,-1.19,-0.49,0,San Diego State,
28,1985,WAC,9,52,53,3,0.495,1,1,0,0.5,-0.25,0.13,2,Air Force BYU,
29,1984,WAC,9,53,51,2,0.509,2,0,0,1,-0.13,-0.56,1,BYU,record adjusted to 54-50-2 by NCAA
30,1983,WAC,9,53,51,2,0.509,2,0,0,1,-1.72,-2.21,2,BYU,
31,1982,WAC,9,55,50,0,0.524,1,1,0,0.5,0.59,-0.14,0,BYU,
32,1981,WAC,9,51,50,2,0.505,1,0,0,1,-0.18,-0.65,1,BYU,
33,1980,WAC,9,48,53,3,0.476,1,0,0,1,-2.13,-0.46,1,BYU,
34,1979,WAC,8,47,45,1,0.511,0,1,0,0,-0.3,-0.61,1,BYU,
35,1978,WAC,7,39,43,0,0.476,0,1,0,0,-1.49,-1.32,0,BYU,
36,1977,WAC,8,45,45,2,0.5,0,1,0,0,1.66,1.95,2,Arizona State BYU,
37,1976,WAC,8,40,51,0,0.44,0,2,0,0,-4.02,-2.35,0,BYU Wyoming,
38,1975,WAC,8,43,46,0,0.483,1,0,0,1,0.46,0.91,2,Arizona State,
39,1974,WAC,8,38,49,3,0.439,0,1,0,0,-4.31,-2.28,0,BYU,
40,1973,WAC,8,44,46,0,0.489,1,0,0,1,0.29,0.41,1,Arizona Arizona State,
41,1972,WAC,8,37,51,0,0.42,1,0,0,1,-7.86,-3.92,1,Arizona State,
42,1971,WAC,8,43,44,2,0.494,1,0,0,1,0.44,0.81,1,Arizona State,
43,1970,WAC,8,42,41,0,0.506,1,0,0,1,0.84,1.23,1,Arizona State,
44,1969,WAC,8,43,37,0,0.538,0,0,0,,2.44,1.69,0,Arizona State,
45,1968,WAC,8,34,46,1,0.426,0,1,0,0,-5.68,-3.52,0,Wyoming,
46,1967,WAC,6,32,29,1,0.524,0,1,0,0,1.84,1.47,1,Wyoming,
47,1966,WAC,6,33,28,0,0.541,1,0,0,1,1.54,0.78,0,Wyoming,
48,1965,WAC,6,27,33,0,0.45,0,0,0,,-3.86,-2.43,0,BYU,
49,1964,WAC,6,41,17,4,0.694,1,0,0,1,6.2,-0.33,0,Arizona New Mexico Utah,
50,1963,WAC,6,31,28,0,0.525,0,0,0,,-3.56,-4.47,0,New Mexico,
51,1962,WAC,6,32,25,3,0.558,0,0,0,,-1.57,-4.41,0,New Mexico,
1,2000,Big West,6,27,40,0,0.403,1,0,0,1,-7.92,-4.8,0,Boise State,
2,1999,Big West,7,36,43,0,0.456,1,0,0,1,-8.34,-5.69,0,Boise State,
3,1998,Big West,6,30,37,0,0.448,1,0,0,1,-8.88,-6.16,0,Idaho,
4,1997,Big West,6,26,41,0,0.388,0,1,0,0,-10.8,-7.92,0,Nevada Utah State,
5,1996,Big West,6,29,39,0,0.426,1,0,0,1,-11.54,-8.8,0,Nevada Utah State,
6,1995,Big West,10,45,66,0,0.405,0,1,0,0,-12.72,-8.34,0,Nevada,
7,1994,Big West,10,45,66,0,0.405,1,0,0,1,-11.87,-7.52,0,Louisiana Nevada Nevada-Las Vegas,
8,1993,Big West,10,43,67,1,0.392,1,0,0,1,-10.89,-6.84,0,Louisiana Utah State,record adjusted to 44-66-1 by NCAA
9,1992,Big West,7,36,42,0,0.462,0,1,0,0,-9.36,-6.62,0,Nevada,
10,1991,Big West,8,36,53,1,0.406,0,1,0,0,-11.79,-7.66,0,Fresno State San Jose State,
11,1990,Big West,8,38,49,3,0.439,1,0,0,1,-10.56,-7.77,0,San Jose State,
12,1989,Big West,8,37,53,1,0.412,1,0,0,1,-10.59,-6.5,0,Fresno State,
13,1988,Big West,8,33,58,0,0.363,1,0,0,1,-14.01,-8.8,0,Fresno State,
14,1987,Big West,8,42,48,0,0.467,0,1,0,0,-8.16,-6.37,0,San Jose State,
15,1986,Big West,8,42,48,0,0.467,1,0,0,1,-6.54,-5.81,0,San Jose State,
16,1985,Big West,8,39,49,3,0.445,1,0,0,1,-11.02,-8.38,0,Fresno State,
17,1984,Big West,8,45,47,0,0.489,1,0,0,1,-5.83,-4.8,0,Cal State Fullerton,record adjusted to 41-51-0 by NCAA
18,1983,Big West,7,41,39,0,0.513,0,1,0,0,-5.52,-5.47,0,Cal State Fullerton,record adjusted to 34-46-0 by NCAA
19,1982,Big West,7,38,41,0,0.481,1,0,0,1,-7.54,-5.94,0,Fresno State,
20,1981,Big West,6,29,36,1,0.447,0,1,0,0,-5.72,-3.21,0,San Jose State,
21,1980,Big West,6,34,33,0,0.507,0,0,0,,-5.04,-3.77,0,Long Beach State,
22,1979,Big West,6,30,33,2,0.477,0,0,0,,-6.66,-5.3,0,Utah State,record adjusted to 31-32-2 by NCAA
23,1978,Big West,6,31,38,0,0.449,0,0,0,,-9.54,-7.59,0,San Jose State Utah State,
24,1977,Big West,5,27,27,0,0.5,0,0,0,,-1.87,-3.55,0,Fresno State,
25,1976,Big West,5,25,29,1,0.464,0,0,0,,-8.2,-9.2,0,San Jose State,
26,1975,Big West,6,36,30,1,0.545,0,0,0,,-2.67,-4.28,0,San Jose State,
27,1974,Big West,5,33,22,2,0.596,0,0,0,,-2.73,-7.01,0,San Diego State,
28,1973,Big West,5,24,25,5,0.491,0,0,0,,-4.14,-6.21,0,San Diego State,
29,1972,Big West,5,33,21,1,0.609,0,0,0,,-2.47,-5.12,0,San Diego State,
30,1971,Big West,7,33,44,1,0.429,0,1,0,0,-6.2,-4.06,0,Long Beach State,
31,1970,Big West,7,36,41,1,0.468,0,0,1,0.5,-10.13,-8.56,0,Long Beach State San Diego State,
32,1969,Big West,7,40,31,0,0.563,1,0,0,1,-5.23,-6.11,0,San Diego State,
1,1995,Big 8,8,57,35,1,0.618,4,0,0,1,7.07,2.84,4,Nebraska,
2,1994,Big 8,8,51,40,3,0.559,2,2,0,0.5,3.8,2.1,3,Nebraska,
3,1993,Big 8,8,51,39,3,0.565,3,1,0,0.75,7.86,5.18,4,Nebraska,
4,1992,Big 8,8,47,40,4,0.538,1,2,0,0.333,4.04,1.55,3,Nebraska,
5,1991,Big 8,8,45,41,5,0.522,1,2,0,0.333,4.44,3.47,3,Colorado Nebraska,
6,1990,Big 8,8,48,40,3,0.544,1,1,0,0.5,6.26,4.5,3,Colorado,
7,1989,Big 8,8,45,45,0,0.5,0,2,0,0,1,0.76,2,Colorado,
8,1988,Big 8,8,47,45,1,0.511,1,3,0,0.25,1.17,1.32,3,Nebraska,
9,1987,Big 8,8,47,42,2,0.527,1,2,0,0.333,2.66,2.08,3,Oklahoma,
10,1986,Big 8,8,47,44,0,0.516,2,1,0,0.667,2.16,1.39,2,Oklahoma,
11,1985,Big 8,8,48,45,0,0.516,1,3,0,0.25,3.06,2.13,2,Oklahoma,
12,1984,Big 8,8,43,43,5,0.5,2,1,0,0.667,2.98,2.86,3,Nebraska Oklahoma,
13,1983,Big 8,8,50,42,1,0.543,1,2,0,0.333,4.88,3.48,1,Nebraska,
14,1982,Big 8,8,43,40,9,0.516,1,2,0,0.333,4.39,3.47,2,Nebraska,
15,1981,Big 8,8,49,42,2,0.538,2,3,0,0.4,7.02,6.1,3,Nebraska,
16,1980,Big 8,8,45,43,3,0.511,2,1,0,0.667,9.12,7.87,2,Oklahoma,
17,1979,Big 8,8,47,44,0,0.516,2,1,0,0.667,6.41,5.76,2,Oklahoma,
18,1978,Big 8,8,50,42,0,0.543,2,2,0,0.5,9.46,8.44,3,Nebraska Oklahoma,
19,1977,Big 8,8,46,43,2,0.516,1,2,0,0.333,8.7,7.88,2,Oklahoma,record adjusted to 48-41-2 by NCAA
20,1976,Big 8,8,56,35,2,0.613,3,1,0,0.75,13.67,9.72,5,Colorado Oklahoma Oklahoma State,
21,1975,Big 8,8,57,35,0,0.62,1,3,0,0.25,13.09,9.81,3,Nebraska Oklahoma,
22,1974,Big 8,8,51,39,0,0.567,2,0,0,1,11.04,8.63,2,Oklahoma,
23,1973,Big 8,8,53,33,5,0.61,2,1,0,0.667,17.06,12.64,4,Oklahoma,
24,1972,Big 8,8,52,39,2,0.57,2,3,0,0.4,11.62,8.7,3,Nebraska,
25,1971,Big 8,8,56,36,1,0.608,3,1,0,0.75,13.37,10.04,3,Nebraska,
26,1970,Big 8,8,49,39,2,0.556,1,1,1,0.5,13.38,11.51,2,Nebraska,
27,1969,Big 8,8,46,37,0,0.554,2,1,0,0.667,13.14,10.9,3,Missouri Nebraska,
28,1968,Big 8,8,44,39,0,0.53,1,2,0,0.333,9.9,8.87,3,Kansas Oklahoma,
29,1967,Big 8,8,44,37,1,0.543,2,0,0,1,4.12,3.37,1,Oklahoma,
30,1966,Big 8,8,36,39,6,0.481,0,1,0,0,1.05,2.03,1,Nebraska,
31,1965,Big 8,8,37,41,4,0.476,1,1,0,0.5,1.49,2.05,2,Nebraska,
32,1964,Big 8,8,37,42,3,0.47,0,2,0,0,4.65,5.4,1,Nebraska,
33,1963,Big 8,8,39,39,0,0.5,1,0,0,1,4.38,5.28,2,Nebraska,
34,1962,Big 8,8,42,38,3,0.524,2,1,0,0.667,3.56,3.66,1,Oklahoma,
35,1961,Big 8,8,42,37,3,0.53,1,1,0,0.5,5.24,4.27,2,Colorado,
36,1960,Big 8,8,41,38,2,0.519,1,0,0,1,8.16,7.83,2,Missouri,
37,1959,Big 8,7,36,35,0,0.507,0,1,0,0,5.37,4.95,2,Oklahoma,
38,1958,Big 8,7,35,34,2,0.507,1,0,0,1,2.6,2.66,1,Oklahoma,
39,1957,Big 8,7,34,32,5,0.514,1,0,0,1,1.95,1.98,1,Oklahoma,
40,1956,Big 8,7,34,34,3,0.5,1,0,0,1,2.21,1.52,2,Oklahoma,
41,1955,Big 8,7,31,37,2,0.457,1,0,0,1,1,2.74,1,Oklahoma,
42,1954,Big 8,7,37,31,2,0.543,0,1,0,0,3.15,2.24,1,Oklahoma,
43,1953,Big 8,7,34,33,3,0.507,1,0,0,1,5.51,5.45,1,Oklahoma,
44,1952,Big 8,7,35,30,4,0.536,0,0,0,,7.05,5,1,Oklahoma,
45,1951,Big 8,7,31,34,3,0.478,0,0,0,,0.4,1.33,1,Oklahoma,record adjusted to 32-35-1 by NCAA
46,1950,Big 8,7,35,31,5,0.528,0,1,0,0,4.67,3.43,2,Oklahoma,
47,1949,Big 8,7,37,32,1,0.536,1,1,0,0.5,4.67,3.3,2,Oklahoma,
48,1948,Big 8,7,35,36,0,0.493,1,1,0,0.5,0.98,1.53,1,Oklahoma,
49,1947,Big 8,6,26,30,3,0.466,0,1,0,0,0.19,1.44,2,Kansas Oklahoma,
50,1946,Big 8,6,25,30,3,0.457,1,0,0,1,-4.27,-1.12,1,Kansas Oklahoma,
51,1945,Big 8,6,24,29,2,0.455,0,1,0,0,-4.33,-1.71,0,Missouri,
52,1944,Big 8,6,22,26,7,0.464,0,0,0,,0.43,2.26,0,Oklahoma,
53,1943,Big 8,6,21,29,1,0.422,0,0,0,,-7.26,-4.15,0,Oklahoma,
54,1942,Big 8,6,22,37,3,0.379,0,0,0,,-5.39,-1.01,0,Missouri,
55,1941,Big 8,6,25,27,3,0.482,0,1,0,0,2.97,3.34,1,Missouri,
56,1940,Big 8,6,28,27,0,0.509,0,1,0,0,2.3,2.02,1,Nebraska,
57,1939,Big 8,6,29,23,2,0.556,0,1,0,0,5.74,3.86,3,Missouri,
58,1938,Big 8,6,33,20,3,0.616,0,1,0,0,6.15,3.45,1,Oklahoma,
59,1937,Big 8,6,24,24,7,0.5,0,0,0,,-1.34,-1.18,1,Nebraska,
60,1936,Big 8,6,24,19,9,0.548,0,0,0,,4.5,3.02,1,Nebraska,
61,1935,Big 8,6,23,20,11,0.528,0,0,0,,4.42,2.98,,Nebraska,
62,1934,Big 8,6,24,24,8,0.5,0,0,0,,2.1,1.75,,Kansas State,
63,1933,Big 8,6,27,24,4,0.527,0,0,0,,4.33,3.22,,Nebraska,
64,1932,Big 8,6,24,23,4,0.51,0,0,0,,3.03,2.41,,Nebraska,
65,1931,Big 8,6,32,27,1,0.542,0,0,0,,-0.85,-2.39,,Nebraska,
66,1930,Big 8,6,21,25,5,0.461,0,0,0,,0.47,-0.17,,Kansas,
67,1929,Big 8,6,20,22,6,0.479,0,0,0,,1.99,2.32,,Nebraska,
68,1928,Big 8,6,23,22,4,0.51,0,0,0,,-0.87,-1.83,,Nebraska,
69,1927,Big 8,10,38,38,7,0.5,0,0,0,,0.09,1.06,,Missouri,
70,1926,Big 8,10,39,35,6,0.525,0,0,0,,0.68,0.08,,Oklahoma State,
71,1925,Big 8,10,37,32,11,0.531,0,0,0,,2.87,2.22,,Missouri,
72,1924,Big 8,9,35,31,5,0.528,0,1,0,0,1.33,0.65,,Missouri,
73,1923,Big 8,9,32,28,11,0.528,0,0,0,,-1.7,-2.54,,Nebraska,
74,1922,Big 8,9,35,28,7,0.55,0,0,0,,1.97,-0.32,,Nebraska,
75,1921,Big 8,9,42,26,1,0.616,0,0,0,,6.31,1.68,,Nebraska,
76,1920,Big 8,8,36,22,7,0.608,0,0,0,,3.39,-1.4,,Oklahoma,
77,1919,Big 8,7,26,19,8,0.566,0,0,0,,-0.82,-3.34,,Missouri,
78,1918,Big 8,6,17,11,1,0.603,0,0,0,,3.45,0.67,,,
79,1917,Big 8,7,29,21,2,0.577,0,0,0,,1.22,-2.06,,Nebraska,
80,1916,Big 8,7,33,17,5,0.645,0,0,0,,2,-1.59,,Nebraska,
81,1915,Big 8,7,30,21,2,0.585,0,0,0,,-0.87,-4,,Nebraska,
82,1914,Big 8,7,29,19,5,0.594,0,0,0,,-0.72,-3.84,,Nebraska,
83,1913,Big 8,7,32,20,2,0.611,0,0,0,,0.89,-2.08,,Missouri Nebraska,
84,1912,Big 8,6,31,17,0,0.646,0,0,0,,4.66,-2.41,,Iowa State Nebraska,
85,1911,Big 8,6,26,12,10,0.646,0,0,0,,3.62,-3.22,,Iowa State Nebraska,
86,1910,Big 8,6,27,17,3,0.606,0,0,0,,-0.03,-2.67,,Nebraska,
87,1909,Big 8,6,32,12,4,0.708,0,0,0,,4.19,-1.21,,Missouri,
88,1908,Big 8,6,38,13,2,0.736,0,0,0,,3.92,-3.44,,Kansas,
89,1907,Big 8,4,21,12,0,0.636,0,0,0,,2.01,-4.05,,Nebraska,
1,1995,SWC,8,46,44,2,0.511,2,1,0,0.667,0.78,0.8,3,Texas,
2,1994,SWC,8,45,45,2,0.5,1,3,0,0.25,0.04,0.29,2,Baylor Rice Texas Texas Christian Texas Tech,record adjusted to 45-44-2 by NCAA
3,1993,SWC,8,39,47,4,0.456,0,2,0,0,-0.27,1.64,1,Texas A&M,record adjusted to 39-46-3 by NCAA
4,1992,SWC,8,47,43,1,0.522,1,1,0,0.5,-0.35,-0.32,1,Texas A&M,
5,1991,SWC,9,51,51,0,0.5,0,3,0,0,1.46,1.03,1,Texas A&M,
6,1990,SWC,9,53,47,2,0.529,1,1,0,0.5,3.06,2.21,3,Texas,
7,1989,SWC,9,54,47,1,0.534,1,2,0,0.333,5.86,4.6,4,Arkansas,
8,1988,SWC,8,45,46,0,0.495,0,2,0,0,0.8,0.65,2,Arkansas,
9,1987,SWC,8,49,41,2,0.543,2,1,0,0.667,2.61,1.59,1,Texas A&M,
10,1986,SWC,9,53,50,0,0.515,1,3,0,0.25,0.71,0.98,3,Texas A&M,
11,1985,SWC,9,57,46,0,0.553,3,1,0,0.75,3.84,2.88,3,Texas A&M,
12,1984,SWC,9,55,47,2,0.538,1,4,0,0.2,3.54,2.34,1,Houston SMU,
13,1983,SWC,9,48,49,5,0.495,0,3,0,0,-1.36,-0.82,2,Texas,
14,1982,SWC,9,50,48,4,0.51,2,1,0,0.667,2.07,2.04,3,SMU,
15,1981,SWC,9,54,44,5,0.549,2,2,0,0.5,7.54,5.87,2,SMU,
16,1980,SWC,9,54,50,0,0.519,2,3,0,0.4,8.23,7.53,2,Baylor,
17,1979,SWC,9,55,45,3,0.549,2,2,0,0.5,11.11,10.11,4,Arkansas Houston,
18,1978,SWC,9,53,48,2,0.524,2,1,1,0.625,11.34,10.69,4,Houston,
19,1977,SWC,9,55,48,0,0.534,1,3,0,0.25,8.23,7.93,2,Texas,
20,1976,SWC,9,53,46,3,0.534,2,1,0,0.667,7.45,7.42,3,Houston Texas Tech,
21,1975,SWC,8,46,43,2,0.516,2,1,0,0.667,8.84,8.24,3,Arkansas Texas Texas A&M,record adjusted to 47-42-2 by NCAA
22,1974,SWC,8,45,41,5,0.522,0,2,1,0.167,7.7,7.46,3,Baylor,
23,1973,SWC,8,45,42,2,0.517,1,1,0,0.5,7.12,7.06,2,Texas,
24,1972,SWC,8,49,39,1,0.556,1,1,0,0.5,10.71,8.69,1,Texas,
25,1971,SWC,8,39,46,3,0.46,0,2,0,0,1.05,2.99,2,Texas,
26,1970,SWC,8,45,42,1,0.517,0,2,0,0,9.79,8.82,2,Texas,
27,1969,SWC,8,38,44,0,0.463,1,1,0,0.5,5.21,6.03,2,Texas,
28,1968,SWC,8,41,38,4,0.518,3,0,0,1,8.86,8.35,3,Arkansas Texas,
29,1967,SWC,8,35,44,2,0.444,1,0,0,1,2.67,3.92,0,Texas A&M,
30,1966,SWC,8,40,41,1,0.494,1,1,0,0.5,8.32,7.81,1,SMU,
31,1965,SWC,8,44,38,1,0.536,0,3,0,0,8.73,8.07,1,Arkansas,
32,1964,SWC,8,42,39,2,0.518,2,1,0,0.667,7.39,7.11,2,Arkansas,
33,1963,SWC,8,45,36,2,0.554,2,1,0,0.667,11.61,9.79,1,Texas,
34,1962,SWC,8,36,43,3,0.457,0,2,0,0,4.54,5.77,2,Texas,
35,1961,SWC,8,44,36,4,0.548,2,2,0,0.5,8.99,7.77,3,Arkansas Texas,
36,1960,SWC,8,38,38,8,0.5,0,3,1,0.125,9.78,9.43,2,Arkansas,
37,1959,SWC,7,39,31,3,0.555,1,2,0,0.333,9.75,8.88,3,Arkansas Texas Texas Christian,
38,1958,SWC,7,37,33,1,0.528,0,0,1,0.5,8.74,7.69,2,Texas Christian,
39,1957,SWC,7,39,30,4,0.562,0,3,0,0,9.82,7.77,3,Rice,
40,1956,SWC,7,41,30,1,0.576,2,0,0,1,10.3,8.4,3,Texas A&M,
41,1955,SWC,7,37,31,3,0.542,0,1,0,0,11.37,9.23,2,Texas Christian,
42,1954,SWC,7,37,33,2,0.528,0,2,0,0,10.61,8.57,3,Arkansas,
43,1953,SWC,7,38,32,1,0.542,1,0,0,1,10.51,8.76,2,Rice Texas,
44,1952,SWC,7,31,34,6,0.479,1,0,0,1,7.36,8.23,1,Texas,
45,1951,SWC,7,39,29,4,0.569,0,2,0,0,12.68,9.91,2,Texas Christian,
46,1950,SWC,7,42,30,0,0.583,1,1,0,0.5,11.52,8.06,1,Texas,
47,1949,SWC,7,41,27,3,0.599,1,0,0,1,12.54,9.3,2,Rice,
48,1948,SWC,7,36,30,7,0.541,3,0,0,1,9.74,7.81,1,SMU,
49,1947,SWC,7,43,24,7,0.628,2,1,1,0.625,14.74,9.89,3,SMU,
50,1946,SWC,7,34,33,4,0.507,1,0,1,0.75,6.35,5.13,3,Arkansas Rice,
51,1945,SWC,7,39,34,1,0.534,1,0,0,1,0.81,-0.27,1,Texas,
52,1944,SWC,6,34,27,2,0.556,0,1,0,0,3.76,2.59,0,Texas Christian,
53,1943,SWC,6,23,30,2,0.436,0,1,1,0.25,-9.31,-8.35,1,Texas,
54,1942,SWC,7,39,29,5,0.568,1,0,0,1,4.89,2.45,1,Texas,
55,1941,SWC,7,41,27,4,0.597,0,2,0,0,10.85,6.74,2,Texas A&M,
56,1940,SWC,7,43,26,1,0.621,1,0,0,1,9.99,6.39,2,Texas A&M,
57,1939,SWC,7,37,31,3,0.542,1,0,0,1,6.63,4.43,1,Texas A&M,
58,1938,SWC,7,35,31,3,0.529,1,0,0,1,6.41,4.47,1,Texas Christian,
59,1937,SWC,7,35,26,9,0.564,1,0,0,1,11.08,8.15,3,Rice,
60,1936,SWC,7,42,28,6,0.592,1,0,0,1,8.05,5.37,2,Arkansas,
61,1935,SWC,7,52,26,0,0.667,1,1,0,0.5,10.21,4.96,,SMU,
62,1934,SWC,7,41,27,8,0.592,0,0,0,,7.39,4.25,,Rice,
63,1933,SWC,7,39,32,6,0.545,0,0,1,0.5,4.09,1.69,,Arkansas,
64,1932,SWC,7,36,27,8,0.563,0,0,0,,5.33,2.28,,Texas Christian,
65,1931,SWC,7,43,25,3,0.627,0,0,0,,6.27,1.75,,SMU,
66,1930,SWC,7,42,26,4,0.611,0,0,0,,6.01,1.11,,Texas,
67,1929,SWC,7,41,18,8,0.672,0,0,0,,5.36,-1.67,,Texas Christian,
68,1928,SWC,7,43,22,2,0.657,0,0,0,,5.75,-1.21,,Texas,
69,1927,SWC,7,37,21,5,0.627,0,0,0,,2.14,-3.18,,Texas A&M,
70,1926,SWC,7,39,20,6,0.646,0,0,0,,4.61,-1.46,,SMU,
71,1925,SWC,7,36,19,9,0.633,0,0,0,,2.14,-3.14,,Texas A&M,
72,1924,SWC,8,45,20,10,0.667,0,1,0,0,3.55,-2.06,,Baylor,
73,1923,SWC,8,42,24,5,0.627,0,0,0,,1.65,-3.79,,SMU,
74,1922,SWC,7,38,25,2,0.6,0,0,0,,1.39,-4.05,,Baylor,
75,1921,SWC,7,35,22,7,0.602,1,0,0,1,1.34,-3.15,,Texas A&M,
76,1920,SWC,8,33,25,11,0.558,0,0,0,,-0.54,-3.23,,Texas,
77,1919,SWC,8,45,20,7,0.674,0,0,0,,1.02,-4.48,,Texas A&M,
78,1918,SWC,8,32,18,1,0.637,0,0,0,,2.84,-1.61,,Oklahoma Texas,
79,1917,SWC,7,40,17,3,0.692,0,0,0,,8.08,-0.94,,Texas A&M,
80,1916,SWC,8,43,25,3,0.627,0,0,0,,4.94,-1.45,,Texas,
81,1915,SWC,8,45,19,2,0.697,0,0,0,,5.53,-1.76,,Baylor Oklahoma,
1,1985,MVC,7,33,39,3,0.46,0,0,0,,-9.31,-8.04,0,Tulsa,
2,1984,MVC,7,32,46,0,0.41,0,0,0,,-13.25,-10.94,0,Tulsa,record adjusted to 33-45-0 by NCAA
3,1983,MVC,8,45,46,2,0.495,0,0,0,,-11.36,-10.85,0,Tulsa,
4,1982,MVC,8,41,47,0,0.466,0,0,0,,-11.06,-9.41,0,Tulsa,
5,1981,MVC,8,45,40,2,0.529,0,0,0,,-3.88,-5.06,0,Drake Tulsa,
6,1980,MVC,7,38,37,2,0.506,0,0,0,,-5.01,-5.19,0,Tulsa,
7,1979,MVC,7,33,43,1,0.435,0,0,0,,-8.46,-5.48,0,West Texas A&M,
8,1978,MVC,7,36,41,0,0.468,0,0,0,,-7.88,-6.22,0,New Mexico State,
9,1977,MVC,6,23,42,1,0.356,0,0,0,,-12.67,-7.23,0,West Texas A&M,
10,1976,MVC,5,20,32,4,0.393,0,1,0,0,-10.35,-5.93,0,New Mexico State Tulsa,
11,1975,MVC,5,23,32,0,0.418,0,0,0,,-8.76,-6.43,0,Tulsa,
12,1974,MVC,7,29,44,4,0.403,0,0,0,,-7.67,-4.66,0,Tulsa,
13,1973,MVC,7,29,47,1,0.383,0,0,0,,-14.84,-9.83,0,North Texas Tulsa,
14,1972,MVC,8,39,47,1,0.454,0,0,0,,-9.5,-7.61,1,Drake Louisville West Texas A&M,
15,1971,MVC,7,30,45,1,0.401,1,0,0,1,-8.37,-4.86,0,Memphis,
16,1970,MVC,5,23,28,1,0.452,0,0,1,0.5,-8.11,-4.94,0,Louisville,
17,1969,MVC,6,27,32,1,0.458,0,0,0,,-6.84,-3.91,0,Memphis,
18,1968,MVC,6,27,32,1,0.458,0,0,0,,-6.54,-4.59,0,Memphis,
19,1967,MVC,5,24,22,2,0.521,0,0,0,,-0.54,-2.8,0,North Texas,
20,1966,MVC,5,25,25,0,0.5,0,0,0,,-2.24,-2.28,0,North Texas Tulsa,
21,1965,MVC,5,24,26,0,0.48,0,1,0,0,-4.78,-4.34,0,Tulsa,
22,1964,MVC,5,24,26,1,0.48,1,0,0,1,-5.1,-5,0,Cincinnati,
23,1963,MVC,5,24,24,0,0.5,0,0,0,,-6.77,-6.64,0,Cincinnati Wichita State,
24,1962,MVC,4,16,24,0,0.4,0,0,0,,-6.11,-4.43,0,Tulsa,
25,1961,MVC,4,18,22,1,0.451,0,1,0,0,-10.98,-8.04,0,Wichita State,
26,1960,MVC,4,19,19,1,0.5,0,0,0,,-9.45,-7.73,0,Wichita State,
27,1959,MVC,5,27,22,2,0.549,0,1,0,0,-1.43,-3.23,0,Houston North Texas,
28,1958,MVC,5,29,16,4,0.633,0,0,0,,2.13,-2.2,0,North Texas,
29,1957,MVC,5,20,28,2,0.42,0,0,0,,-8.24,-4.76,0,Houston,
30,1956,MVC,5,23,23,4,0.5,0,0,0,,-4.28,-4.04,0,Houston,
31,1955,MVC,5,22,24,3,0.48,0,0,0,,-2.06,-1.68,0,Detroit Mercy Wichita State,
32,1954,MVC,5,21,28,1,0.43,0,0,0,,-4.25,-2.68,0,Wichita State,
33,1953,MVC,5,24,22,2,0.521,0,0,0,,1.51,0.76,0,Detroit Mercy Oklahoma State,
34,1952,MVC,5,25,23,2,0.52,0,1,0,0,-0.78,-2.42,1,Houston,
35,1951,MVC,7,35,35,0,0.5,1,0,0,1,-7.63,-7,0,Tulsa,
36,1950,MVC,6,35,21,5,0.615,0,0,0,,-0.44,-3.89,1,Tulsa,
37,1949,MVC,7,30,32,6,0.485,0,0,0,,-7.65,-6.5,0,Detroit Mercy,
38,1948,MVC,5,22,27,2,0.451,1,2,0,0.333,-8,-6.3,0,Oklahoma State,
39,1947,MVC,5,20,29,1,0.41,0,1,0,0,-7.6,-6.15,0,Tulsa,
40,1946,MVC,5,23,25,2,0.48,0,0,0,,-6.36,-5.68,1,Tulsa,
41,1945,MVC,5,33,15,1,0.684,2,1,0,0.667,4.62,-3.61,2,Oklahoma State,
42,1944,MVC,3,23,5,0,0.821,2,0,0,1,12.53,-0.75,0,Oklahoma State,
43,1943,MVC,2,9,5,1,0.633,0,1,0,0,-5.34,-8.66,1,Tulsa,
44,1942,MVC,6,33,25,1,0.568,0,1,0,0,-1.24,-3.56,1,Tulsa,
45,1941,MVC,6,30,26,2,0.534,1,0,0,1,-5.77,-5.94,0,Tulsa,
46,1940,MVC,7,33,31,4,0.515,0,0,0,,-5.56,-6.37,0,Tulsa,
47,1939,MVC,7,35,29,5,0.543,0,0,0,,-5.75,-6.68,0,Washington (MO),
48,1938,MVC,7,32,29,6,0.522,0,0,0,,-4.33,-5.49,0,Tulsa,
49,1937,MVC,7,31,35,3,0.471,0,0,0,,-6.05,-5.18,0,Tulsa,
50,1936,MVC,7,23,39,3,0.377,0,0,0,,-6.52,-4.42,0,Creighton Tulsa,
51,1935,MVC,7,26,37,5,0.419,0,0,0,,-5.54,-3.01,,Tulsa Washington (MO),
52,1934,MVC,5,18,28,2,0.396,0,0,0,,-7.81,-5.03,,Washington (MO),
53,1933,MVC,6,21,28,4,0.434,0,0,0,,-6.35,-4.88,,Drake Oklahoma State,
54,1932,MVC,6,25,21,6,0.538,0,0,0,,-6.61,-6.7,,Oklahoma State,
55,1931,MVC,5,24,23,1,0.51,0,0,0,,-8.59,-7.47,,Drake,
56,1930,MVC,5,22,19,3,0.534,0,0,0,,-2.99,-3.75,,Drake Oklahoma State,
57,1929,MVC,5,19,17,6,0.524,0,0,0,,-4.07,-4.69,,Drake,
58,1928,MVC,5,17,21,3,0.451,0,0,0,,-7.48,-5.09,,Drake,
1,1981,Ivy,8,33,45,2,0.425,0,0,0,,-19.01,-16.08,0,Dartmouth Yale,
2,1980,Ivy,8,38,42,0,0.475,0,0,0,,-15.67,-13.94,0,Yale,
3,1979,Ivy,8,32,39,1,0.451,0,0,0,,-16.76,-15.89,0,Yale,
4,1978,Ivy,8,33,31,8,0.514,0,0,0,,-10.08,-10.08,0,Dartmouth,
5,1977,Ivy,8,35,37,0,0.486,0,0,0,,-7.32,-7.31,0,Yale,
6,1976,Ivy,8,38,34,0,0.528,0,0,0,,-4.79,-5.54,0,Brown Yale,
7,1975,Ivy,8,35,35,2,0.5,0,0,0,,-8.11,-8.75,0,Harvard,
8,1974,Ivy,8,37,32,3,0.535,0,0,0,,-4.78,-6.05,0,Harvard Yale,
9,1973,Ivy,8,34,34,3,0.5,0,0,0,,-11.18,-11.09,0,Dartmouth,
10,1972,Ivy,8,37,31,4,0.542,0,0,0,,0.43,-1.53,0,Dartmouth,
11,1971,Ivy,8,37,35,0,0.514,0,0,0,,-6.13,-7.32,0,Cornell Dartmouth,
12,1970,Ivy,8,43,29,0,0.597,0,0,0,,1.39,-2.36,1,Dartmouth,
13,1969,Ivy,8,35,37,0,0.486,0,0,0,,-9.27,-9.52,0,Dartmouth Princeton Yale,
14,1968,Ivy,8,38,32,2,0.542,0,0,0,,-2.94,-4.53,0,Harvard Yale,
15,1967,Ivy,8,40,30,2,0.569,0,0,0,,-6.52,-8.67,0,Yale,
16,1966,Ivy,8,37,35,0,0.514,0,0,0,,-4.95,-5.42,0,Dartmouth Harvard Princeton,
17,1965,Ivy,8,37,30,5,0.549,0,0,0,,-7.36,-9.44,0,Dartmouth,
18,1964,Ivy,8,38,31,3,0.549,0,0,0,,-5.97,-7.74,0,Princeton,
19,1963,Ivy,8,40,28,3,0.585,0,0,0,,-3.04,-6.03,0,Dartmouth Princeton,
20,1962,Ivy,8,35,33,4,0.514,0,0,0,,-11.33,-11.48,0,Dartmouth,
21,1961,Ivy,8,32,40,0,0.444,0,0,0,,-11.87,-10.84,0,Columbia Harvard,
22,1960,Ivy,8,37,35,0,0.514,0,0,0,,-9.49,-9.39,1,Yale,
23,1959,Ivy,8,37,32,3,0.535,0,0,0,,-7.12,-7.85,0,Pennsylvania,
24,1958,Ivy,8,36,36,0,0.5,0,0,0,,-7.51,-7.28,0,Dartmouth,
25,1957,Ivy,8,35,34,2,0.507,0,0,0,,-6.24,-6.33,0,Princeton,
26,1956,Ivy,8,35,35,1,0.5,0,0,0,,-7.88,-7.41,0,Yale,
1,1981,Southern,8,43,40,4,0.517,0,0,0,,-6.84,-6.91,0,Furman,
2,1980,Southern,8,40,43,5,0.483,0,0,0,,-7.51,-7.32,0,Furman,
3,1979,Southern,8,43,44,1,0.494,0,0,0,,-6.36,-6.53,0,Chattanooga,
4,1978,Southern,7,37,39,1,0.487,0,0,0,,-6.41,-6.45,0,Chattanooga Furman,
5,1977,Southern,7,35,38,4,0.481,0,0,0,,-9.41,-9.06,0,Chattanooga Virginia Military Institute,
6,1976,Southern,7,44,30,2,0.592,0,0,0,,1.84,-1.17,0,East Carolina,
7,1975,Southern,7,37,39,1,0.487,0,0,0,,-5.34,-5.56,0,Richmond,
8,1974,Southern,7,38,38,0,0.5,0,0,0,,-7.45,-7,0,Virginia Military Institute,
9,1973,Southern,8,41,44,1,0.483,0,0,0,,-8.45,-7.32,0,East Carolina,
10,1972,Southern,8,37,48,2,0.437,0,0,0,,-11.15,-9.2,0,East Carolina,
11,1971,Southern,7,29,45,1,0.393,0,1,0,0,-13.09,-8.64,0,Richmond,
12,1970,Southern,7,28,48,0,0.368,0,1,0,0,-18.5,-13.01,0,William & Mary,
13,1969,Southern,7,26,43,1,0.379,0,1,0,0,-14.75,-9.98,0,Davidson Richmond,
14,1968,Southern,7,25,45,0,0.357,1,0,0,1,-12.79,-8.02,0,Richmond,
15,1967,Southern,8,43,34,2,0.557,0,0,0,,-4.69,-6.13,0,West Virginia,
16,1966,Southern,9,30,54,5,0.365,0,0,0,,-15.29,-10.54,0,East Carolina William & Mary,
17,1965,Southern,9,42,48,0,0.467,1,0,0,1,-10.71,-9.67,0,West Virginia,
18,1964,Southern,9,36,53,0,0.404,0,1,0,0,-12.56,-9.06,0,West Virginia,
19,1963,Southern,9,36,46,5,0.443,0,0,0,,-7.95,-6.14,0,Virginia Tech,
20,1962,Southern,9,42,44,2,0.489,0,0,0,,-7.71,-6.33,0,Virginia Military Institute,
21,1961,Southern,9,41,45,0,0.477,0,0,0,,-5.77,-4.82,0,Citadel,
22,1960,Southern,9,39,42,7,0.483,1,0,0,1,-9.12,-7.62,0,Virginia Military Institute,
23,1959,Southern,9,38,48,2,0.443,0,0,0,,-10.22,-8.21,0,Virginia Military Institute,
24,1958,Southern,9,34,46,5,0.429,0,0,0,,-9.8,-7.11,0,West Virginia,
25,1957,Southern,9,43,41,3,0.511,0,0,0,,-5.01,-4.32,1,Virginia Military Institute,
26,1956,Southern,9,38,43,6,0.471,1,0,0,1,-5.56,-5.04,1,West Virginia,
27,1955,Southern,9,36,45,4,0.447,0,0,0,,-8.37,-6.76,1,West Virginia,
28,1954,Southern,9,43,38,4,0.529,0,0,0,,-3.6,-4.27,2,West Virginia,
29,1953,Southern,10,46,47,2,0.495,0,1,0,0,-11.03,-9.63,1,West Virginia,
30,1952,Southern,15,63,76,5,0.455,0,0,0,,-6.33,-4.04,1,Duke,
31,1951,Southern,17,78,87,3,0.473,1,1,0,0.5,-2.71,-1.73,2,Maryland Virginia Military Institute,
32,1950,Southern,17,76,83,10,0.479,1,1,0,0.5,-4.34,-3.69,2,Washington & Lee,
33,1949,Southern,16,66,83,6,0.445,1,1,0,0.5,-4.98,-3.24,2,North Carolina,
34,1948,Southern,16,75,69,11,0.519,2,2,0,0.5,-0.93,-1.02,4,Clemson,
35,1947,Southern,16,76,67,9,0.53,0,1,1,0.25,0.09,-0.15,4,William & Mary,
36,1946,Southern,16,74,67,7,0.524,0,3,0,0,3.84,2.8,2,North Carolina,
37,1945,Southern,11,48,44,6,0.52,1,1,0,0.5,1.53,1.24,2,Duke,
38,1944,Southern,10,38,46,5,0.455,1,0,0,1,-1.24,-0.02,1,Duke,
39,1943,Southern,9,40,35,0,0.533,0,0,0,,-1.8,-3.19,1,Duke,
40,1942,Southern,16,67,69,13,0.493,0,0,0,,-1.99,-1.67,1,William & Mary,
41,1941,Southern,16,65,74,14,0.471,0,1,0,0,-4.91,-4.28,1,Duke,
42,1940,Southern,15,74,62,5,0.543,0,0,0,,-1.01,-2.67,1,Clemson,
43,1939,Southern,15,75,61,8,0.549,1,0,0,1,2.41,0.25,2,Duke,
44,1938,Southern,15,71,65,14,0.52,0,1,0,0,-1.52,-2.3,1,Duke,
45,1937,Southern,15,75,63,8,0.541,0,0,0,,0.28,-1.36,2,Maryland,
46,1936,Southern,15,77,69,2,0.527,0,0,0,,-1.44,-2.72,1,Duke,
47,1935,Southern,10,48,38,10,0.552,0,0,0,,1.68,-0.5,,Duke,
48,1934,Southern,10,49,42,2,0.538,0,0,0,,0.56,-0.39,,Washington & Lee,
49,1933,Southern,10,38,47,14,0.455,0,0,0,,-3.03,-1.18,,Duke,
50,1932,Southern,23,112,93,17,0.543,0,0,0,,2.12,0.54,,,
51,1931,Southern,23,108,90,24,0.541,0,1,0,0,2.47,1,,,
52,1930,Southern,23,123,91,11,0.571,1,0,0,1,2.44,-0.48,,,
53,1929,Southern,23,118,85,13,0.576,0,0,0,,2.23,-0.61,,,
54,1928,Southern,23,121,82,15,0.589,1,0,0,1,4.89,1.31,,,
55,1927,Southern,22,112,82,13,0.572,0,0,0,,2.48,-0.25,,,
56,1926,Southern,22,105,88,11,0.542,0,0,1,0.5,1.54,-0.38,,,
57,1925,Southern,22,119,71,12,0.619,1,0,0,1,5.23,1.46,,,
58,1924,Southern,22,109,80,15,0.571,0,0,0,,4.22,1.23,,,
59,1923,Southern,21,100,70,25,0.577,0,0,0,,3.87,1.36,,,
60,1922,Southern,21,116,70,11,0.617,0,0,0,,6.02,1.79,,,
61,1921,Southern,14,69,45,14,0.594,0,0,0,,5.85,2.01,,,
1,1981,Southland,6,28,34,4,0.455,0,0,0,,-4.21,-3.45,0,Texas-Arlington,
2,1980,Southland,6,30,37,0,0.448,0,1,0,0,-8.81,-6.18,0,McNeese State,
3,1979,Southland,6,36,29,2,0.552,0,1,0,0,-3.66,-5.69,0,McNeese State,
4,1978,Southland,6,30,35,1,0.462,0,1,0,0,-6.52,-6.04,0,Louisiana Tech,
5,1977,Southland,6,34,29,5,0.537,1,0,0,1,-7,-7.98,0,Louisiana Tech,
6,1976,Southland,6,37,30,0,0.552,1,0,0,1,-6.09,-8.43,0,Louisiana McNeese State,
7,1975,Southland,6,37,28,0,0.569,0,0,0,,-1.21,-4.45,0,Arkansas State,
1,1977,Southwestern Athletic,7,38,36,2,0.513,0,0,0,,-9.11,-9.97,0,Grambling State,
1,1961,BIAA,5,21,28,1,0.43,0,0,0,,-10.62,-8.62,0,Arizona State,
2,1960,BIAA,6,32,28,1,0.533,1,0,0,1,-4.29,-5.74,1,New Mexico State,
3,1959,BIAA,6,29,33,0,0.468,1,0,0,1,-7.4,-6.38,0,Arizona State,
4,1958,BIAA,6,23,37,0,0.383,0,1,0,0,-12.22,-7.6,0,Hardin-Simmons,
5,1957,BIAA,6,32,26,1,0.551,0,0,0,,-7.22,-8.45,1,Arizona State,
6,1956,BIAA,6,35,26,0,0.574,1,1,0,0.5,-0.73,-4.86,0,UTEP,
7,1955,BIAA,7,38,27,6,0.577,0,1,0,0,0.12,-3.25,0,Texas Tech,
8,1954,BIAA,7,32,36,1,0.471,1,0,0,1,-8.65,-8.23,0,Texas Tech,
9,1953,BIAA,7,36,33,3,0.521,2,0,0,1,-4.83,-4.99,1,Texas Tech,
10,1952,BIAA,8,33,38,5,0.467,0,0,0,,-9.96,-8.99,0,Arizona State,
11,1951,BIAA,8,32,48,1,0.401,1,0,0,1,-16.32,-12.32,0,Texas Tech,
12,1950,BIAA,9,44,47,0,0.484,1,1,0,0.5,-7.61,-6.76,0,West Texas A&M,
13,1949,BIAA,9,42,45,4,0.484,1,2,0,0.333,-9.7,-8.9,0,Texas Tech,
14,1948,BIAA,9,47,43,4,0.521,2,2,0,0.5,-8.05,-9.11,0,Texas Tech,
15,1947,BIAA,9,43,44,3,0.494,1,1,0,0.5,-9.64,-8.99,0,Texas Tech,
16,1946,BIAA,9,48,37,8,0.559,1,0,1,0.75,-8.07,-9.88,0,Hardin-Simmons,
17,1945,BIAA,3,11,12,3,0.481,1,0,0,1,-3.09,-2.47,0,,
18,1944,BIAA,3,9,17,0,0.346,0,0,0,,-9.05,-2.4,0,,
19,1942,BIAA,9,39,42,4,0.482,0,1,0,0,-12.59,-11.12,0,Hardin-Simmons Texas Tech,
20,1941,BIAA,9,50,36,4,0.578,0,1,0,0,-7.47,-9.92,0,Arizona,
21,1940,BIAA,7,37,25,4,0.591,0,1,0,0,-6.57,-8.91,0,Arizona State,
22,1939,BIAA,7,36,29,3,0.551,0,0,1,0.5,-6.43,-7.72,0,Arizona State,
23,1938,BIAA,7,39,27,1,0.59,0,2,0,0,-2.83,-6.09,1,New Mexico New Mexico State,
24,1937,BIAA,7,39,26,4,0.594,0,1,0,0,-4.77,-7.59,0,Texas Tech,
25,1936,BIAA,7,30,29,7,0.508,0,1,0,0,-8.27,-9.22,0,Arizona,
26,1935,BIAA,7,31,26,8,0.538,0,0,1,0.5,-5.12,-7.23,,Arizona,
27,1934,BIAA,6,31,14,7,0.663,0,0,0,,0.12,-5.47,,,
28,1933,BIAA,6,26,20,1,0.564,0,0,0,,-4.99,-7.26,,,
29,1932,BIAA,6,26,23,5,0.528,0,0,0,,-10.03,-10.89,,,
30,1931,BIAA,5,21,19,2,0.524,0,0,0,,-7.42,-8,,Arizona State,
1,1961,Skyline,7,32,34,3,0.486,1,1,0,0.5,-4.09,-3.93,1,Utah State Wyoming,
2,1960,Skyline,8,42,40,0,0.512,0,1,0,0,-3.09,-3.46,0,Utah State Wyoming,
3,1959,Skyline,8,38,42,0,0.475,0,0,0,,-6.87,-6.14,1,Wyoming,
4,1958,Skyline,8,36,46,0,0.439,1,0,0,1,-7.05,-5.53,0,Wyoming,
5,1957,Skyline,8,32,41,6,0.443,0,0,0,,-12.07,-10.21,0,Utah,
6,1956,Skyline,8,36,42,2,0.463,0,0,0,,-12.17,-10.5,0,Wyoming,
7,1955,Skyline,8,40,40,0,0.5,1,0,0,1,-5.31,-4.42,0,Colorado State,
8,1954,Skyline,8,35,44,0,0.443,0,0,0,,-9.1,-7.4,0,Denver,
9,1953,Skyline,8,38,34,5,0.526,0,0,0,,-3.42,-4.91,0,Utah,
10,1952,Skyline,8,36,40,3,0.475,0,0,0,,-8.48,-7.73,0,Utah,
11,1951,Skyline,8,40,36,4,0.525,0,0,0,,-3.82,-5.07,0,Utah,
12,1950,Skyline,6,28,29,5,0.492,1,0,0,1,-5.67,-5.35,1,Wyoming,
13,1949,Skyline,6,27,33,1,0.451,0,0,0,,-10.68,-9.52,0,Wyoming,
14,1948,Skyline,6,34,26,2,0.565,0,1,0,0,-4.67,-7.38,0,Utah,
15,1947,Skyline,7,35,31,3,0.529,0,0,0,,-6.97,-7.45,0,Utah,
16,1946,Skyline,7,33,33,5,0.5,0,2,0,0,-10.99,-10.2,0,Denver Utah State,
17,1945,Skyline,5,19,20,2,0.488,0,1,0,0,-3.22,-3.76,0,Denver,
18,1944,Skyline,4,18,10,3,0.629,0,0,0,,0.45,-5.53,0,Colorado,
19,1943,Skyline,3,7,14,0,0.333,0,0,0,,-10.78,-4.26,0,Colorado,
20,1942,Skyline,7,34,24,2,0.583,0,0,0,,-1.63,-4.53,0,Colorado Utah,
21,1941,Skyline,7,23,27,9,0.466,0,0,0,,-7.68,-6.95,0,Utah,
22,1940,Skyline,7,26,27,8,0.492,0,0,0,,-7.37,-6.56,0,Utah,
23,1939,Skyline,7,26,27,7,0.492,0,0,0,,-7.62,-7.38,0,Colorado,
24,1938,Skyline,7,25,26,8,0.492,1,0,0,1,-5.27,-5.08,0,Utah,
1,1937,Rocky Mountain,12,48,48,3,0.5,0,1,0,0,-8.83,-8.54,1,Colorado,
2,1936,Rocky Mountain,12,48,46,5,0.51,0,0,0,,-2.76,-2.85,0,Utah State,
3,1935,Rocky Mountain,12,43,48,5,0.474,0,0,0,,-8.48,-7.52,,Colorado Utah State,
4,1934,Rocky Mountain,12,46,46,5,0.5,0,0,0,,-4.97,-4.47,,Colorado Colorado State Northern Colorado,
5,1933,Rocky Mountain,12,42,46,4,0.478,0,0,0,,-11.43,-10.01,,Colorado State Denver Utah,
6,1932,Rocky Mountain,12,44,41,6,0.516,0,0,0,,-3.76,-3.79,,Utah,
7,1931,Rocky Mountain,12,46,49,3,0.485,0,0,0,,-7.8,-6.64,,Utah,
8,1930,Rocky Mountain,12,43,42,13,0.505,0,0,0,,-7.83,-7.4,,Utah,
9,1929,Rocky Mountain,12,49,38,2,0.562,0,0,0,,-1.03,-2.54,,Utah,
10,1928,Rocky Mountain,12,45,43,6,0.511,0,0,0,,-5.04,-4.87,,Utah,
11,1927,Rocky Mountain,12,43,48,3,0.473,0,0,0,,-7.12,-6.57,,Colorado State,
12,1926,Rocky Mountain,12,44,43,8,0.505,0,0,0,,-7.77,-7.98,,Utah,
13,1925,Rocky Mountain,12,55,45,2,0.549,0,0,0,,-3.17,-4.64,,Colorado State,
14,1924,Rocky Mountain,11,43,33,8,0.56,0,0,0,,-1.51,-3.72,,Colorado,
15,1923,Rocky Mountain,11,46,36,3,0.559,0,0,0,,2.13,0.11,,Colorado,
16,1922,Rocky Mountain,9,36,30,4,0.543,0,0,0,,-5.07,-5.78,,Utah,
17,1921,Rocky Mountain,8,26,22,6,0.537,0,0,0,,-5.07,-5.48,,Utah State,
18,1920,Rocky Mountain,8,27,25,7,0.517,0,0,0,,-3.05,-3.76,,Colorado State,
19,1919,Rocky Mountain,8,27,24,5,0.527,0,0,0,,-7.66,-8.13,,Colorado State,
20,1918,Rocky Mountain,5,10,9,0,0.526,0,0,0,,-7.03,-7.21,,Colorado Mines,
21,1917,Rocky Mountain,8,35,23,2,0.6,0,0,0,,-3.91,-6.39,,Denver,
22,1916,Rocky Mountain,8,25,21,5,0.539,0,0,0,,-1.55,-3.17,,Colorado State,
23,1915,Rocky Mountain,8,32,25,0,0.561,0,0,0,,0.99,-1.47,,Colorado State,
24,1914,Rocky Mountain,8,28,23,2,0.547,0,0,0,,2.18,0.3,,Colorado Mines,
25,1913,Rocky Mountain,7,22,20,3,0.522,0,0,0,,-7.24,-7.58,,Colorado,
26,1912,Rocky Mountain,7,32,24,2,0.569,0,0,0,,-0.37,-2.88,,Colorado Mines,
27,1911,Rocky Mountain,7,26,20,3,0.561,0,0,0,,-1.83,-3.62,,Colorado,
28,1910,Rocky Mountain,7,27,18,1,0.598,0,0,0,,-0.62,-2.43,,Colorado Colorado College,
1,2019,Ind,6,34,42,0,0.447,2,1,0,0.667,-6.45,-3.97,1,,
2,2018,Ind,6,43,32,0,0.573,2,1,0,0.667,-1.67,-2.47,2,,
3,2017,Ind,4,28,23,0,0.549,2,0,0,1,1.42,-0.61,1,,
4,2016,Ind,4,23,27,0,0.46,2,0,0,1,-0.89,-1.28,0,,
5,2015,Ind,3,21,17,0,0.553,0,2,0,0,3.34,0.29,1,,
6,2014,Ind,4,28,23,0,0.549,2,1,0,0.667,0.55,-0.82,0,,
7,2013,Ind,6,32,43,0,0.427,2,1,0,0.667,-4.5,-0.83,1,record adjusted to 23-43-0 by NCAA,
8,2012,Ind,4,30,21,0,0.588,1,2,0,0.333,2.44,-0.33,1,record adjusted to 18-21-0 by NCAA,
9,2011,Ind,4,26,24,0,0.52,1,1,0,0.5,1.4,-0.51,0,,
10,2010,Ind,3,24,15,0,0.615,2,1,0,0.667,3.8,-0.56,0,,
11,2009,Ind,3,21,17,0,0.553,1,0,0,1,-0.41,-1.86,0,,
12,2008,Ind,4,20,30,0,0.4,1,1,0,0.5,-4.99,-2.15,0,,
13,2007,Ind,4,21,28,0,0.429,0,1,0,0,-6.67,-3.02,0,,
14,2006,Ind,4,23,27,0,0.46,0,2,0,0,-3.84,-1.01,1,,
15,2005,Ind,4,21,25,0,0.457,1,1,0,0.5,-0.91,1.26,1,,
16,2004,Ind,3,19,16,0,0.543,1,1,0,0.5,-4.74,-4.1,1,,
17,2003,Ind,4,28,21,0,0.571,0,1,0,0,-0.51,-2,0,,
18,2002,Ind,6,35,36,0,0.493,0,1,0,0,-2.87,-2.35,1,,
19,2001,Ind,7,32,44,0,0.421,0,0,0,,-5.63,-3.51,0,,
20,2000,Ind,9,38,63,0,0.376,0,1,0,0,-10.45,-5.67,1,,
21,1999,Ind,7,32,47,0,0.405,0,0,0,,-5.8,-2.53,0,,
22,1998,Ind,8,42,49,0,0.462,0,1,0,0,-6.32,-3.99,1,,
23,1997,Ind,9,45,57,0,0.441,0,1,0,0,-7.09,-4.8,0,,
24,1996,Ind,11,66,57,0,0.537,1,1,0,0.5,-4.07,-4.45,2,,
25,1995,Ind,12,60,73,1,0.451,1,1,0,0.5,-2.56,-1.52,1,,
26,1994,Ind,11,47,74,2,0.39,0,2,0,0,-4.78,-0.69,0,,
27,1993,Ind,10,55,56,2,0.496,2,0,0,1,-2.81,-2.48,2,record adjusted to 57-54-2 by NCAA,
28,1992,Ind,15,69,97,1,0.416,1,1,0,0.5,-4.73,-1.96,1,,
29,1991,Ind,18,95,106,5,0.473,5,0,0,1,-3.34,-1.93,5,,
30,1990,Ind,26,149,138,8,0.519,4,3,1,0.563,0.23,-0.51,5,,
31,1989,Ind,25,147,126,11,0.537,6,2,0,0.75,0.82,-0.06,6,,
32,1988,Ind,25,162,121,0,0.572,5,3,0,0.625,3.09,0.83,5,,
33,1987,Ind,24,142,127,4,0.527,2,6,1,0.278,1.02,0.2,5,record adjusted to 143-126-4 by NCAA,
34,1986,Ind,24,129,134,6,0.491,4,1,0,0.8,-0.27,0.08,4,record adjusted to 127-136-6 by NCAA,
35,1985,Ind,21,111,121,5,0.479,2,3,0,0.4,1.39,2.05,3,,
36,1984,Ind,21,122,111,6,0.523,3,4,1,0.438,2.79,2.07,4,,
37,1983,Ind,23,136,120,4,0.531,5,2,0,0.714,3.31,2.26,5,record adjusted to 139-117-4 by NCAA,
38,1982,Ind,25,139,137,3,0.504,2,3,0,0.4,0.61,0.67,4,,
39,1981,Ind,28,160,149,4,0.518,3,2,0,0.6,2.81,2.15,4,,
40,1980,Ind,30,180,156,4,0.535,4,6,0,0.4,2.16,0.83,5,,
41,1979,Ind,33,183,175,10,0.511,4,3,0,0.571,-0.68,-0.42,4,,
42,1978,Ind,33,189,176,5,0.518,3,4,0,0.429,-0.2,-0.6,2,,
43,1977,Ind,36,212,180,9,0.54,4,1,0,0.8,1.81,0.24,5,record adjusted to 213-179-9 by NCAA,
44,1976,Ind,36,194,198,3,0.495,2,1,0,0.667,-2.15,-1.64,3,record adjusted to 198-194-3 by NCAA,
45,1975,Ind,37,192,208,5,0.48,2,2,0,0.5,-2.65,-2.07,3,record adjusted to 194-206-5 by NCAA,
46,1974,Ind,37,185,217,4,0.461,2,0,1,0.833,-3.86,-2.1,3,,
47,1973,Ind,36,194,194,5,0.5,3,2,0,0.6,-2.75,-2.5,4,,
48,1972,Ind,33,167,183,8,0.478,2,3,0,0.4,-3.17,-2.34,3,,
49,1971,Ind,34,188,176,5,0.516,1,3,0,0.25,-0.96,-1.21,3,,
50,1970,Ind,30,161,156,3,0.508,3,1,0,0.75,-3.53,-3.34,6,,
51,1969,Ind,27,135,129,5,0.511,3,1,0,0.75,-1.1,-1.33,4,,
52,1968,Ind,31,173,135,4,0.561,1,2,0,0.333,-1.08,-2.79,3,,
53,1967,Ind,32,169,137,12,0.55,2,1,2,0.6,-0.1,-1.68,2,,
54,1966,Ind,32,188,128,6,0.593,1,4,0,0.2,1.84,-1.21,3,,
55,1965,Ind,32,156,147,14,0.514,2,0,0,1,-1.99,-2.96,1,,
56,1964,Ind,32,145,154,13,0.486,1,1,0,0.5,-2.42,-2.29,1,,
57,1963,Ind,33,152,153,13,0.498,1,2,0,0.333,-2.95,-2.86,2,,
58,1962,Ind,34,173,159,7,0.521,3,3,0,0.5,-1.23,-1.62,1,,
59,1961,Ind,27,147,117,3,0.556,3,1,0,0.75,-0.81,-2.47,4,,
60,1960,Ind,27,129,126,11,0.506,1,2,0,0.333,-2.02,-2.58,3,,
61,1959,Ind,27,132,131,3,0.502,2,0,0,1,-1.26,-1.15,4,,
62,1958,Ind,23,120,97,7,0.551,1,2,1,0.375,1.22,-0.33,6,,
63,1957,Ind,23,113,97,9,0.537,1,1,0,0.5,-0.3,-2.07,3,,
64,1956,Ind,22,97,97,14,0.5,0,2,0,0,-2.84,-2.59,4,,
65,1955,Ind,28,121,124,8,0.494,0,1,0,0,-4.22,-4.18,5,,
66,1954,Ind,29,140,121,8,0.535,1,1,0,0.5,-1.61,-2.33,5,,
67,1953,Ind,28,120,114,21,0.512,0,0,0,,-2.31,-2.96,2,,
68,1952,Ind,33,159,129,18,0.549,1,1,0,0.5,0.09,-1.42,5,,
69,1951,Ind,32,154,134,8,0.534,1,1,0,0.5,1.7,0.11,6,,
70,1950,Ind,38,173,166,13,0.51,0,1,0,0,0.3,-0.48,4,,
71,1949,Ind,36,184,141,6,0.565,1,1,0,0.5,2.05,-0.59,7,,
72,1948,Ind,36,178,141,13,0.556,2,1,0,0.667,1.79,-0.23,5,,
73,1947,Ind,39,175,167,16,0.511,1,1,1,0.5,-0.12,-0.73,5,,
74,1946,Ind,39,182,157,13,0.536,0,1,1,0.25,1.93,0.64,4,,
75,1945,Ind,35,160,123,15,0.562,1,2,0,0.333,2.02,-0.03,7,,
76,1944,Ind,39,197,129,20,0.598,0,0,0,,3.06,-0.1,10,,
77,1943,Ind,34,166,110,12,0.597,0,0,0,,4.2,0.84,11,,
78,1942,Ind,39,205,136,24,0.595,0,1,0,0,3.84,0.66,5,,
79,1941,Ind,37,183,133,13,0.576,1,0,0,1,3.05,0.62,5,,
80,1940,Ind,41,188,152,22,0.55,1,2,0,0.333,2.11,-0.1,7,record adjusted to 188-150-24 by NCAA,
81,1939,Ind,42,192,145,29,0.564,0,1,0,0,2.96,0.52,6,,
82,1938,Ind,40,199,133,17,0.595,1,1,0,0.5,4.08,0.09,8,,
83,1937,Ind,39,193,121,38,0.602,2,1,0,0.667,5.35,1.23,8,,
84,1936,Ind,44,227,149,28,0.597,3,1,1,0.7,3.73,-0.14,10,,
85,1935,Ind,46,222,163,26,0.572,0,0,0,,2.16,-1.24,,,
86,1934,Ind,45,239,144,20,0.618,1,1,0,0.5,2.97,-1.27,,,
87,1933,Ind,46,221,146,36,0.593,1,0,1,0.75,2.57,-0.88,,,
88,1932,Ind,40,204,113,28,0.632,0,1,0,0,3.34,-1.68,,,
89,1931,Ind,32,180,93,23,0.647,0,0,0,,5.35,-0.71,,,
90,1930,Ind,33,194,93,21,0.664,0,0,0,,5.28,-1.48,,,
91,1929,Ind,27,153,75,19,0.658,0,1,0,0,4.4,-2.04,,,
92,1928,Ind,27,143,84,16,0.621,0,0,0,,3.93,-1.82,,,
93,1927,Ind,29,163,75,26,0.667,0,1,0,0,5.97,-1.19,,,
94,1926,Ind,26,153,68,16,0.679,0,0,0,,4.93,-2.01,,,
95,1925,Ind,34,189,102,19,0.64,0,0,0,,3.64,-2.27,,,
96,1924,Ind,42,193,145,26,0.566,1,0,0,1,-0.2,-2.51,,,
97,1923,Ind,42,223,122,26,0.636,0,0,1,0.5,3.7,-1.29,,,
98,1922,Ind,45,234,156,26,0.594,1,2,0,0.333,2.5,-1.47,,,
99,1921,Ind,48,240,156,34,0.598,1,1,1,0.5,2.61,-1.2,,,
100,1920,Ind,56,291,176,29,0.616,1,1,0,0.5,3.93,-0.66,,,
101,1919,Ind,60,300,179,39,0.617,1,0,0,1,4.51,-0.06,,,
102,1918,Ind,38,118,76,10,0.603,1,1,0,0.5,1.76,-1.63,,,
103,1917,Ind,51,246,154,21,0.609,1,0,0,1,2.39,-1.21,,,
104,1916,Ind,55,286,167,28,0.624,0,1,0,0,4.44,-0.87,,,
105,1915,Ind,54,278,155,33,0.632,0,1,0,0,4.55,-1,,,
106,1914,Ind,59,318,167,39,0.644,0,0,0,,4.33,-1.48,,,
107,1913,Ind,53,286,142,28,0.658,0,0,0,,5.03,-0.89,,,
108,1912,Ind,55,293,159,19,0.642,0,0,0,,3.87,-1.59,,,
109,1911,Ind,50,264,130,46,0.652,0,0,0,,4.33,-1.08,,,
110,1910,Ind,53,255,157,30,0.611,0,0,0,,3.58,-0.46,,record adjusted to 256-158-28 by NCAA,
111,1909,Ind,60,297,148,45,0.652,0,0,0,,3.74,-1.61,,,
112,1908,Ind,53,287,139,37,0.66,0,0,0,,3.58,-1.58,,,
113,1907,Ind,57,295,162,27,0.637,0,0,0,,3.27,-1.14,,,
114,1906,Ind,56,268,150,58,0.624,0,0,0,,2.7,-1.25,,,
115,1905,Ind,73,402,239,34,0.621,0,0,0,,2.71,-1.56,,,
116,1904,Ind,72,347,248,30,0.579,0,0,0,,0.91,-1.63,,,
117,1903,Ind,61,345,207,21,0.62,0,0,0,,3.26,-1.28,,,
118,1902,Ind,63,316,203,48,0.6,0,0,0,,1.9,-1.54,,,
119,1901,Ind,36,207,142,24,0.587,0,0,0,,1.71,-1.29,,,
120,1900,Ind,32,196,111,20,0.63,0,0,0,,2.94,-1.22,,,
121,1899,Ind,34,204,127,18,0.61,0,0,0,,2.66,-1.07,,,
122,1898,Ind,24,140,89,14,0.605,0,0,0,,3.44,-0.13,,,
123,1897,Ind,21,125,76,15,0.613,0,0,0,,3.61,0.37,,,
124,1896,Ind,23,127,77,17,0.613,0,0,0,,2.58,-0.34,,,
125,1895,Ind,27,157,95,9,0.619,0,0,0,,2.29,-1.01,,,
126,1894,Ind,27,167,94,5,0.637,0,0,0,,2.58,-1.46,,,
127,1893,Ind,26,135,94,19,0.583,0,0,0,,1.2,-1.2,,,
128,1892,Ind,27,170,92,11,0.643,0,0,0,,3.56,-1.51,,,
129,1891,Ind,26,141,103,10,0.575,0,0,0,,0.15,-1.11,,,
130,1890,Ind,18,110,64,7,0.627,0,0,0,,2.21,-1.21,,,
131,1889,Ind,21,104,77,14,0.569,0,0,0,,0.59,-1.4,,,
132,1888,Ind,18,89,70,4,0.558,0,0,0,,-0.2,-0.24,,,
133,1887,Ind,15,70,52,3,0.572,0,0,0,,2.87,-0.27,,,
134,1886,Ind,14,66,52,7,0.556,0,0,0,,0.73,-0.17,,,
135,1885,Ind,7,33,22,4,0.593,0,0,0,,2.04,-0.97,,,
136,1884,Ind,9,41,28,3,0.59,0,0,0,,-0.04,-1.47,,,
137,1883,Ind,10,44,31,2,0.584,0,0,0,,1.8,0.09,,,
138,1882,Ind,13,36,30,1,0.545,0,0,0,,-0.98,0.15,,,
139,1881,Ind,10,25,21,9,0.536,0,0,0,,0.08,0.41,,,
140,1880,Ind,8,17,14,4,0.543,0,0,0,,0.64,1.02,,,
141,1879,Ind,7,13,10,15,0.539,0,0,0,,0.89,0.18,,,
142,1878,Ind,9,16,12,6,0.559,0,0,0,,-0.85,-0.39,,,
143,1877,Ind,8,13,11,2,0.538,0,0,0,,0.53,-0.42,,,
144,1876,Ind,7,14,10,0,0.583,0,0,0,,1.79,-0.11,,,
145,1875,Ind,6,16,7,2,0.68,0,0,0,,2.56,-0.36,,,
146,1874,Ind,5,10,9,0,0.526,0,0,0,,1.21,-0.66,,,
147,1873,Ind,5,8,5,0,0.615,0,0,0,,2.8,0.47,,,
148,1872,Ind,5,4,4,2,0.5,0,0,0,,0.7,-0.35,,,
149,1870,Ind,3,2,2,0,0.5,0,0,0,,0,0,,,
150,1869,Ind,2,2,2,0,0.5,0,0,0,,0,0,,,